idiom,freq,meaning
all the way,1881,"completely, to the fullest extent."
on the table,1550,open for discussion or consideration.
under pressure,784,in a difficult situation where one is expected to perform or produce results quickly.
out of sight,658,not visible or present.
over the top,655,excessive or extreme in nature.
in the wake of,623,"as a result of, following."
never mind,492,"forget about it, don't worry about it."
at hand,468,close by or readily available.
now and then,455,occasionally; from time to time.
just in case,422,to be prepared for any eventuality.
along the lines,390,in a similar way; in a related manner.
by and large,374,generally speaking; on the whole.
sooner or later,372,"eventually, in due time."
way around,357,a solution or workaround to a problem.
per se,356,by or in itself; intrinsically.
to this day,348,until the present time.
fair enough,339,acknowledgement that something is reasonable or acceptable.
behind bars,242,in prison or jail.
on the run,222,being in a hurry or in a state of escape.
north and south,201,"completely different, opposite, or conflicting."
out of the blue,188,unexpectedly or without warning.
golden age,186,"a period of time in the past that is remembered as being particularly prosperous, peaceful, and/or happy."
all set,183,ready to go or begin something.
across the board,177,applying to everyone or everything in a group or category.
under construction,168,in the process of being built or developed.
down to earth,166,having a practical and realistic attitude.
in the pipeline,163,in the process of being developed or completed.
washed up,162,no longer successful or relevant.
in the bag,161,a situation that is certain to be successful.
off the hook,155,no longer held responsible or accountable for something.
green light,150,give permission or approval to proceed with a plan.
up in the air,149,"uncertain, undecided, unresolved."
under the table,146,done secretly or illegally.
cutting edge,137,the most advanced and up-to-date technology or ideas.
building blocks,136,the basic elements that are necessary to create something.
in the dock,135,"in a court of law, accused of a crime and awaiting judgement."
at the wheel,133,in control of a situation.
on the ball,131,"alert, attentive, and quick to act."
wishful thinking,131,hoping for something that is unlikely to happen.
keep at bay,126,to keep someone or something away or at a distance.
state of the art,124,the most advanced and up-to-date technology or equipment available.
on the rocks,123,in a state of decline or disrepair.
big deal,122,used to express that something is not important or impressive.
rule of thumb,121,"a general principle or guideline, rather than an exact formula."
how come,121,a question asking for an explanation or reason.
on the record,118,to make a statement that is officially recorded and can be used as evidence.
a new lease of life,115,a new opportunity to start fresh and make changes in one's life.
behind closed doors,106,"in private, away from public view."
the last straw,104,the final event or action that causes a situation to become unbearable.
in a nutshell,104,in a few words; concisely.
flesh and blood,104,"used to refer to a person's family or close friends, implying that they are the most important people in one's life."
thank goodness,97,expressing relief or gratitude.
against time,94,working quickly and urgently to complete a task before a deadline.
calendar year,93,"a period of twelve months, usually from January 1 to December 31."
next to nothing,93,very little or almost nothing.
dream come true,89,a wish or desire that has been fulfilled.
business as usual,87,"continue to operate as normal, despite any changes or disruptions."
all in all,84,"overall, taking everything into consideration."
between life and death,82,in a very dangerous or precarious situation.
the best of both worlds,82,having the advantages of two different situations at the same time.
round the clock,80,"continuously, without interruption, 24 hours a day."
under the sun,80,everything that exists or is possible.
over the hill,79,past one's prime; no longer young or in one's best years.
all the more,77,even more so; to an even greater degree.
high season,73,the busiest time of year for a particular activity or industry.
larger than life,71,having an impressive or grandiose presence.
nuts and bolts,70,the basic details or fundamentals of something.
word for word,68,"exactly as stated, without any changes."
level playing field,68,a situation in which all participants have an equal chance of success.
man in the street,64,"the average person, especially as representing public opinion."
a breath of fresh air,64,something new and refreshing.
nine times out of ten,63,almost always; usually.
on the fence,63,uncertain or undecided about something.
dirty work,60,"work that is unpleasant, unethical, or illegal."
to the hilt,59,to the maximum extent possible.
bricks and mortar,55,"a physical business or store, as opposed to an online business."
food for thought,54,something to consider or ponder over.
sixth sense,53,the ability to understand or know something without any proof or evidence.
tour de force,53,an impressive and remarkable feat or accomplishment.
odds and ends,51,miscellaneous items or small objects.
piece of cake,51,something that is very easy to do.
in limbo,51,in a state of uncertainty or delay with no resolution in sight.
fall from grace,51,"to lose the favor or respect of someone or something, usually due to a mistake or wrongdoing."
easier said than done,51,something that is more difficult to do than it is to say.
magic wand,50,a solution that will solve all of one's problems quickly and easily.
in the nick of time,50,just in time; at the last possible moment.
gut feeling,50,an instinctive feeling or intuition about something.
shelf life,50,the amount of time something is useful or relevant before it becomes outdated.
off the beaten track,49,not in a place that is frequented by many people; away from the usual paths.
ethnic cleansing,46,the systematic removal of a particular ethnic group from a given area by force or intimidation.
off the record,46,not to be taken as an official statement or to be shared with others.
weather permitting,46,if the weather is suitable or favorable.
out of this world,45,extremely good or impressive.
in cold blood,43,"in a deliberate and calculated manner, without emotion."
against the clock,42,working quickly and under pressure to complete a task before a certain deadline.
make up [pron] mind,41,come to a decision or opinion.
labour of love,41,"a task or project that is done out of passion or dedication, rather than for financial gain."
in the same boat,40,in the same situation or predicament.
come what may,40,no matter what happens.
in the heat of the moment,38,acting impulsively without considering the consequences.
back to the drawing board,37,"start over from the beginning, usually after a failed attempt."
old hat,37,something that is no longer new or interesting.
close to home,37,something that is personally relevant or meaningful.
dead and buried,37,completely finished and forgotten.
pain in the neck,36,a person or thing that is annoying or difficult to deal with.
rough time,36,a period of difficulty or hardship.
thumbs up,36,an expression of approval or agreement.
catch [pron] eye,36,attract someone's attention.
safe and sound,36,unharmed and in good condition.
behave yourself,33,act in an appropriate manner.
race against time,33,try to do something quickly before a deadline.
last but not least,33,"used to introduce the final item in a list of items, often to give it special emphasis."
keep [pron] cool,33,remain calm and composed in a difficult situation.
for a song,32,for a very low price.
tongue in cheek,32,"said or done in a humorous way, not to be taken seriously."
god knows,31,used to express one's uncertainty or lack of knowledge about something.
bad blood,31,a feeling of animosity or hostility between two people or groups.
at the drop of a hat,31,without hesitation; immediately.
no rush,31,there is no need to hurry or be in a hurry.
get [pron] act together,31,organize one's life and become more responsible.
on a shoestring,31,with very little money or resources.
give [pron] [pron] hand,31,help someone out.
black and blue,31,bruised or injured from physical violence.
through thick and thin,30,remaining loyal and supportive in difficult times.
head over heels,30,completely and utterly in love with someone.
silver lining,29,a hopeful or comforting aspect of a situation that is otherwise difficult or unpleasant.
out on the town,29,"to go out and have a good time, usually with friends."
get out of hand,29,become chaotic or uncontrollable.
under the weather,29,feeling unwell or sick.
the letter of the law,29,"adhering strictly to the exact wording of a law or rule, without considering the spirit or intent of the law."
well read,29,"having a wide knowledge of literature, history, and other topics."
an arm and a leg,29,a large amount of money
thumbs down,28,express disapproval or rejection of something.
above the law,28,not subject to the same rules and regulations as everyone else.
by the numbers,28,following a set of instructions or a plan exactly as it is written.
al fresco,28,eating or dining outdoors.
watch this space,28,wait and see what happens next.
strike [pron] balance,27,achieve a state of equilibrium between two opposing forces.
heart of gold,27,a kind and generous person.
a blessing in disguise,27,a good thing that initially seemed bad.
self explanatory,27,clear and understandable without needing further explanation.
just deserts,26,the reward or punishment that someone deserves.
rat race,26,"a stressful, unfulfilling lifestyle in which one is constantly competing with others to achieve success."
in the pink,26,in good health
bite [pron] lip,25,"refrain from speaking or expressing an opinion, usually in order to avoid conflict."
beyond words,25,unable to be expressed in words; too great or intense to be described.
baptism of fire,24,a situation in which someone is suddenly thrown into a difficult or dangerous situation and must quickly learn how to cope.
nine to five,24,"a regular job with regular hours, typically from 9am to 5pm."
a clean bill of health,24,a report or statement that indicates that someone or something is in good health or has been approved.
weak at the knees,24,feeling overwhelmed with emotion or excitement.
face the music,24,accept the consequences of one's actions.
right as rain,24,in perfect condition or health.
give [pron] slip,24,escape or elude someone.
in name only,23,having a title or position but no real authority or power.
cut [pron] throat,23,"to do something that will harm someone else, even if it means harming oneself in the process."
find [pron] feet,23,become comfortable and confident in a new situation.
now or never,23,a situation in which one must act immediately or miss the opportunity.
in a trice,23,very quickly.
rack [pron] brain,23,think hard and long about something in order to come up with a solution.
the acid test,23,a decisive or conclusive test or measure of the quality or effectiveness of something.
keep [pron] eye open,23,be vigilant and watchful for potential problems or opportunities.
take for [pron] ride,22,deceive or mislead someone for personal gain.
twist [pron] arm,22,persuade someone to do something they are reluctant to do.
sink or swim,22,face a difficult situation and either succeed or fail.
keep in touch,22,maintain communication with someone over a period of time.
alive and kicking,22,in good health and full of energy.
learn by heart,22,memorize something so that it can be recalled without difficulty.
volte face,22,a complete reversal of opinion or course of action.
lose [pron] head,22,become overwhelmed with emotion and act impulsively or irrationally.
you bet,21,"absolutely, definitely, certainly."
strapped for cash,21,having very little money available.
cross [pron] fingers,21,hope for the best.
strike [pron] chord,21,resonate with someone emotionally.
cheek by jowl,21,"very close together, side by side."
jump on [pron] bandwagon,21,"join a popular trend or opinion, usually without considering the consequences."
run for [pron] life,20,flee from a dangerous situation as quickly as possible.
long in the tooth,20,older in age.
to a fine art,20,to do something with great skill and precision.
on the wagon,20,abstaining from alcohol or other substances.
in the zone,20,a state of intense focus and concentration on a task.
glass ceiling,20,an unacknowledged barrier that prevents a certain group from rising to a higher level of power or success.
raw deal,20,an unfair or unjust situation.
pass [pron] buck,20,avoid taking responsibility for something by blaming someone else.
open warfare,19,a situation in which two sides are openly hostile and actively fighting each other.
nest egg,19,a sum of money saved for future use.
safety in numbers,19,being in a group makes one feel more secure and protected.
dead wood,19,people or things that are no longer useful or productive.
stick to [pron] guns,19,remain firm in one's opinion or decision despite opposition or criticism.
on the same page,19,in agreement or understanding about something.
on the same wavelength,19,in agreement or understanding with someone else.
under canvas,19,living in a tent or other temporary shelter.
in a fog,18,confused and unable to think clearly.
whiter than white,18,completely honest and ethical.
get on [pron] nerves,18,annoy or irritate someone.
take breath away,18,to be so amazing or shocking that it causes someone to be speechless.
behind [pron] back,18,to do something without someone's knowledge or consent.
third time lucky,18,the third attempt at something will be successful.
pin money,18,"extra money earned from a hobby or side job, usually used for small luxuries or treats."
beat [pron] retreat,18,"leave a place or situation quickly, usually in a disorganized or embarrassed manner."
pay [pron] dues,18,work hard and accept the necessary responsibilities to achieve success.
white elephant,18,a possession that is useless and expensive to maintain.
ill-gotten gains,18,money or other benefits that were obtained illegally or unethically.
pull [pron] leg,18,tease someone in a playful way.
poetic justice,18,"when someone receives the consequences of their own actions, often in a way that is fitting or appropriate."
pull yourself together,17,regain control of your emotions and behavior.
break [pron] back,17,overwhelm someone with a difficult task or situation.
technically speaking,17,used to emphasize that one is speaking accurately and precisely.
jump to conclusions,17,make a decision or judgment without having all the facts.
a shot in the arm,17,"a sudden boost of energy, enthusiasm, or confidence."
a red flag,17,a warning sign or indication of potential danger or trouble.
first among equals,17,the most important or influential person in a group of people who are all considered to be of equal status.
get to [pron] point,16,get to the main point of a discussion or conversation.
high and mighty,16,having an attitude of superiority or arrogance.
break a leg,16,wish someone good luck
root and branch,16,"completely and thoroughly, leaving no part untouched."
tie [pron] knot,16,get married.
salt of the earth,16,"a person who is honest, hardworking, and reliable."
rags to riches,16,a phrase used to describe a person who has gone from having nothing to having great wealth and success.
hale and hearty,16,in good health and full of energy.
close call,16,"a situation in which something almost happened, but did not."
make yourself at home,16,"feel comfortable and relaxed in a place, as if it were your own home."
curl [pron] lip,16,express disapproval or contempt for someone or something.
water under the bridge,16,something that happened in the past and is no longer relevant.
stiff upper lip,16,remain calm and composed in the face of adversity.
a flash in the pan,16,something that is initially successful but quickly fades away.
bite [pron] tongue,15,refrain from saying something that one is tempted to say.
fall out of love,15,stop feeling romantic love for someone.
elbow grease,15,hard work and effort.
make [pron] scene,15,draw attention to oneself in a negative way.
whet [pron] appetite,15,stimulate someone's interest or desire for something.
lose [pron] touch,15,"cease communication with someone, resulting in a lack of contact."
in bad shape,15,in a difficult or unfavorable situation.
on thin ice,15,"in a precarious situation, at risk of making a mistake or getting into trouble."
cut [pron] losses,15,"stop investing time, money, or energy into something that is not working out."
say [pron] piece,15,express one's opinion or feelings on a particular subject.
home truth,15,"a frank and honest statement, often unpleasant, that is said to someone in order to help them."
cloud nine,15,a state of extreme happiness or elation.
come under fire,14,"be criticized or attacked, especially in a public way."
add fuel to [pron] fire,14,make a bad situation worse by adding more problems or complications.
come from behind,14,to achieve success after being in a difficult or losing position.
flea market,14,a place where people can buy and sell second-hand goods.
snowed under,14,overwhelmed with work or responsibilities.
bag of tricks,14,"a collection of strategies, techniques, or resources that can be used to achieve a desired result."
rain or shine,14,"no matter what the conditions, the activity will take place."
[pron] man of action,14,someone who is quick to take action and get things done.
on cloud nine,14,feeling extremely happy and content.
nitty gritty,14,the most important details or facts of a situation.
pie in the sky,14,an unrealistic hope or dream that is unlikely to come true.
red tape,14,excessive bureaucracy and regulations that make it difficult to get something done.
big bucks,14,a large amount of money.
keep up the good work,14,continue to do something well or to make progress.
dream ticket,14,an ideal combination of people or things that would be perfect for a particular situation.
brought forward,14,moved to an earlier time or date.
start from scratch,13,"begin a task or project from the beginning, without using any existing resources or materials."
drive [pron] hard bargain,13,negotiate aggressively to get the best possible deal.
break up,13,end a romantic relationship.
come to [pron] attention,13,pay close attention to someone or something.
flotsam and jetsam,13,the random objects or debris that remain after a shipwreck or other disaster.
pick up [pron] tab,13,pay for someone else's expenses.
time is money,13,"the more time you spend on something, the more money it will cost."
fire [pron] imagination,13,inspire someone to think of new ideas or possibilities.
call [pron] names,13,insult or criticize someone in a rude or demeaning way.
a storm in a teacup,13,a situation that is made to seem much more serious or important than it really is.
in the family way,13,pregnant.
a sea change,13,a complete transformation or alteration.
dead to the world,13,completely unaware of what is happening around them.
carrot and stick,13,a method of motivation that combines rewards (carrots) with punishments (sticks) to encourage desired behavior.
keep [pron] head above water,13,manage to stay afloat financially or emotionally despite difficult circumstances.
no strings attached,12,no obligations or expectations; no hidden motives.
let [pron] off [pron] hook,12,forgive someone and not hold them accountable for something they did wrong.
give [pron] kiss of life,12,revive someone who is unconscious or near death.
in cahoots with,12,working together in secret to achieve a goal.
once in a blue moon,12,very rarely
mumbo jumbo,12,language or words that are difficult to understand and are used to confuse or deceive someone.
itchy feet,12,a strong desire to travel or explore new places.
rest up,12,take a break from activities to relax and recover energy.
red ink,12,a financial loss or deficit.
see [pron] point,12,understand and agree with someone's opinion.
beyond price,12,invaluable; priceless.
ray of sunshine,12,a person who brings joy and happiness to a situation.
beats me,12,I have no idea.
scratch [pron] head,12,puzzled or confused about something.
ahead of [pron] time,12,earlier than expected.
ring [pron] bell,12,remind someone of something they should know.
a fate worse than death,12,a situation or experience that is so unpleasant or unbearable that death would be preferable.
breathe [pron] last,12,die
stop by,11,visit someone or a place for a short period of time.
hop in,11,get into a vehicle.
dead meat,11,"in a very bad situation, likely to suffer serious consequences."
see eye to eye,11,"agree on something, have the same opinion."
set [pron] ball rolling,11,start a process or activity.
stage whisper,11,speaking in a loud whisper so that everyone can hear.
prick up [pron] ears,11,pay close attention to something.
burn [pron] fingers,11,experience a negative consequence as a result of taking a risk.
peeping tom,11,"a person who secretly watches others, usually for sexual gratification."
keep [pron] eye on,11,watch or monitor someone or something closely.
throw caution to [pron] wind,11,act recklessly without considering the consequences.
throw in [pron] towel,11,"give up, admit defeat, or concede."
tighten [pron] belt,11,reduce spending in order to save money.
ask out,11,to invite someone on a date.
let sleeping dogs lie,11,leave a situation alone and not try to change it.
magic touch,11,the ability to make something successful with very little effort.
above suspicion,11,beyond reproach; having no suspicion of wrongdoing.
a sorry sight,11,something that is very sad or pitiful to look at.
just what the doctor ordered,11,exactly what is needed to solve a problem or make a situation better.
caught in the crossfire,11,being in a situation where two opposing forces are in conflict and one is unintentionally harmed by the conflict.
get on board,11,agree to participate in or support something.
pressed for time,11,having very little time to complete a task.
give me five,11,request a high five as a gesture of celebration or agreement.
fit as a fiddle,11,in excellent physical condition.
nurse [pron] back to health,10,help someone recover from an illness or injury.
not for a minute,10,"absolutely not, not even for a short period of time."
wet behind the ears,10,inexperienced or naive.
be under no illusions,10,do not have false hopes or expectations; be realistic.
in the eyes of the law,10,according to the legal system.
spill [pron] beans,10,reveal a secret or private information.
get a life,10,stop wasting time on trivial matters and focus on more important things.
steal [pron] thunder,10,take the credit or recognition for something that someone else did.
[pron] life-saver,10,someone who helps out in a difficult situation and is greatly appreciated.
picture of health,10,a person who is in excellent physical and mental health.
an act of war,10,a hostile action that is considered to be an aggressive and hostile move.
come true,10,happen as expected or hoped for.
play [pron] joke,10,trick someone in a playful way.
build bridges,10,create a connection or relationship with someone.
go for broke,10,take a risk and use all of one's resources in an attempt to achieve a goal.
let bygones be bygones,10,stop dwelling on the past and move on.
for love nor money,10,"no matter how hard one tries, it is impossible to obtain something."
go back to [pron] drawing board,10,start over from the beginning with a plan or idea.
keep tabs on,10,to monitor or keep track of someone or something.
keeping [pron] fingers crossed,10,hoping for the best possible outcome.
come to terms with,10,accept and adjust to a difficult situation.
tough love,10,"a form of discipline that is strict and firm, but ultimately done out of love and care for the person."
many happy returns,10,wishing someone a happy birthday.
drag [pron] feet,10,procrastinate or delay doing something.
hell bent,10,"determined to do something, no matter the cost or consequences."
drive [pron] up [pron] wall,10,annoy someone to the point of frustration.
young at heart,10,"having a youthful outlook and enthusiasm, regardless of age."
fall on deaf ears,10,be ignored or not taken seriously.
sail close to [pron] wind,10,"take risks, act dangerously, or do something that is close to the edge of what is acceptable."
new arrival,10,a person or thing that has recently arrived or been introduced.
wild-goose chase,9,a futile search for something that is impossible to find.
play safe,9,avoid taking risks or making decisions that could have negative consequences.
break [pron] ice,9,to make someone feel more comfortable in a social situation by starting a conversation.
pulling [pron] leg,9,teasing someone in a playful way.
miss [pron] boat,9,fail to take advantage of an opportunity.
war of words,9,"a heated argument or disagreement between two people or groups, usually involving verbal insults or criticism."
war of nerves,9,a situation in which two people or groups try to gain an advantage over each other by using psychological tactics.
wag [pron] dog,9,manipulate someone to do something for one's own benefit.
young blood,9,"new, young people who bring fresh ideas and energy to a company or organization."
red letter day,9,"a special or important day, usually one that is remembered or celebrated."
perfect pitch,9,the ability to accurately identify or reproduce a given musical note without the use of an external reference.
beyond [pron] wildest dreams,9,far better than what was expected or hoped for.
quality time,9,time spent with someone that is focused on creating a strong bond and connection.
be sick and tired of,9,be extremely annoyed or frustrated with something.
inside job,9,a crime or other misdeed committed by someone within an organization or group.
jack of all trades,9,someone who is competent in many different skills or activities.
in the cold light of day,9,when looking at a situation objectively and without emotion.
come clean,9,"to confess the truth, especially after having lied or kept something hidden."
green with envy,9,feeling very jealous of someone else's success or possessions.
date rape,9,a form of sexual assault in which the perpetrator is someone the victim is in a romantic relationship with or is dating.
come hell or high water,9,no matter what obstacles or difficulties arise.
a foot in the door,9,a way to get a start in a particular field or to gain access to a particular opportunity.
in the blink of an eye,9,"very quickly, almost instantaneously."
daily grind,9,"the routine of everyday life, especially when it is tedious and monotonous."
wine and dine,9,to treat someone to a luxurious meal and drinks in order to impress them.
make waves,9,cause trouble or disruption.
dead ringer,9,an exact duplicate or copy of something.
chicken feed,9,"a small amount of money, usually considered insignificant."
love child,9,a child born out of wedlock.
actions speak louder than words,9,what someone does is more important than what they say.
first come first served,9,the people who arrive first will be served first.
get over [pron],9,stop worrying or dwelling on something; move on.
bank on,8,rely on something or someone to provide a desired outcome.
be on cloud nine,8,be extremely happy and content.
[pron] man of few words,8,someone who speaks very little and is not very talkative.
about face,8,a sudden and complete change of opinion or direction.
make [pron] mouth water,8,make someone feel excited or eager for something.
pull [pron] plug,8,end or stop something abruptly.
not all there,8,not mentally present or aware; not thinking clearly.
watch [pron] mouth,8,"be careful what one says, as it could have unintended consequences."
work [pron] fingers to [pron] bone,8,work extremely hard and exhaust oneself.
a fly on the wall,8,an observer who is present but not noticed or involved in the situation.
weather [pron] storm,8,persevere through a difficult situation.
a whole new ball game,8,a completely different situation or set of circumstances.
lose [pron] shirt,8,to suffer a great financial loss.
get [pron] sack,8,to be fired from a job.
bolt from the blue,8,something that happens unexpectedly and without warning.
sleep on [pron],8,think about something for a while before making a decision.
in the best of health,8,in excellent physical and mental health.
on the horns of a dilemma,8,in a difficult situation where it is hard to choose between two options.
shoot through,8,leave quickly or abruptly.
company man,8,a person who is loyal to their employer and willing to do whatever is asked of them.
feel [pron] age,8,"feel the effects of aging, especially in terms of physical decline."
red handed,8,caught in the act of doing something wrong.
save face,8,to maintain one's dignity or reputation in a difficult or embarrassing situation.
greener pastures,8,a better situation or opportunity than the one currently being experienced.
hold on a second,8,wait a moment; pause before continuing.
hit [pron] roof,8,become extremely angry.
done to death,8,overused to the point of being trite or boring.
draw [pron] shortest straw,8,be the one who has to do something unpleasant or undesirable.
drop [pron] ball,8,fail to do something that was expected or required.
grin like [pron] cheshire cat,8,smile broadly and mischievously.
fall prey to,8,"become a victim of something, usually a scam or deception."
peg out,8,die
snake in [pron] grass,8,someone who is not what they appear to be and is likely to be untrustworthy.
music to [pron] ears,8,something that is very pleasing or satisfying to hear.
brass tacks,8,get to the point; focus on the practical details.
the spirit of the law,8,"the underlying purpose or intent of a law, rather than its literal interpretation."
go through [pron] roof,8,increase dramatically or to an extreme degree.
call [pron] tune,8,allow someone to make all the decisions.
big head,8,having an overly high opinion of oneself.
call [pron] shots,8,have control over a situation or decision-making process.
keep [pron] wolf from [pron] door,8,make enough money to pay for basic necessities.
black out,8,"to forget or block out a period of time, usually due to drinking too much alcohol."
fall for it,8,be tricked or deceived by someone.
track record,7,a record of past performance or success.
vale of tears,7,a situation or period of time that is filled with sadness and sorrow.
ring fencing,7,protecting something from external interference or risk by isolating it.
night owl,7,someone who stays up late and sleeps in late.
the upper crust,7,the wealthiest and most influential members of society.
run out of steam,7,lose energy or enthusiasm for something.
play [pron] field,7,date multiple people at the same time without committing to any one person.
salad days,7,"a period of youthful innocence, inexperience, and enthusiasm."
spitting image,7,exact likeness or replica of someone or something.
play ball,7,cooperate and agree to do something.
wax and wane,7,to increase and decrease in intensity or size over time.
take [pron] dim view of,7,have a negative opinion of someone or something.
quantum leap,7,"a sudden, dramatic, and significant advancement or improvement."
self-made man,7,a person who has achieved success and wealth through their own hard work and determination.
wet blanket,7,a person who is unenthusiastic or who discourages others from having fun.
wear [pron] heart on [pron] sleeve,7,express one's emotions openly and without reservation.
stand [pron] test of time,7,remain relevant and popular over a long period of time.
put on [pron] brave face,7,try to appear strong and confident even when feeling scared or uncertain.
zero hour,7,the time when a plan of action is set to begin.
foam at [pron] mouth,7,be extremely angry and agitated.
father figure,7,"a person who provides guidance and support, often in the absence of a biological father."
canteen culture,7,"a workplace culture that is informal and relaxed, where employees are encouraged to socialize and interact with each other."
fill [pron] shoes,7,"take on the same responsibilities as someone else, usually after they have left."
bring home [pron] bacon,7,provide for one's family financially.
at sixes and sevens,7,in a state of confusion or disarray.
back on [pron] feet,7,to have recovered from a difficult situation and be in a better place.
bright as a button,7,very intelligent and quick-witted.
get in [pron] hair,7,annoy or bother someone.
blow [pron] fuse,7,become extremely angry or frustrated.
hot potato,7,a situation or issue that is difficult to handle and is quickly passed from one person to another.
be dead to [pron] world,7,be completely oblivious to the events and people around you.
hit [pron] road,7,leave a place quickly.
bite [pron] dust,7,fail or be defeated.
bite [pron] bullet,7,accept a difficult situation and endure it.
go with [pron] flow,7,accept and adapt to the current situation without trying to change it.
bear fruit,7,produce a successful result.
beef up,7,to make something stronger or more powerful.
bells and whistles,7,extra features or details that are not necessary but make something more attractive or interesting.
better late than never,7,it is better to do something late than not do it at all.
bend over backwards,7,make a great effort to please someone or do something.
feeding frenzy,7,"a situation in which a large group of people are competing for something, often in an aggressive or chaotic manner."
good samaritan,7,"a person who helps others out of the goodness of their heart, without expecting anything in return."
fancy free,7,not bound by any commitments or obligations.
do [pron] trick,7,accomplish something difficult or impressive.
loose cannon,7,someone who is unpredictable and potentially dangerous.
dog days,7,a period of time that is hot and uncomfortable.
come to [pron] head,7,reach a climax or point of resolution.
come of age,7,reach adulthood and the associated privileges and responsibilities.
a sight for sore eyes,7,something that is very pleasing to see.
add insult to injury,7,make a bad situation even worse.
money for old rope,7,making money easily with little effort.
cock and bull story,7,an unbelievable or far-fetched story.
couch potato,7,a person who spends a lot of time sitting around and watching television.
do [pron] dirty work,7,do something unpleasant or unethical on someone else's behalf.
pitch in,6,contribute to a task or effort.
poetry in motion,6,something that is graceful and beautiful in its execution.
thumbnail sketch,6,a brief overview or summary of something.
go dutch,6,to split the cost of something equally between two or more people.
pipe down,6,be quiet; stop talking.
neither fish nor fowl,6,not belonging to any particular category or group.
cry wolf,6,"to make false alarms or warnings, leading people to not take you seriously when you are telling the truth."
come to fruition,6,come to a successful conclusion.
dressed up to the nines,6,dressed in one's best clothes.
blind date,6,a date with someone you have never met before.
practice makes perfect,6,repeated effort and practice leads to mastery of a skill or task.
shiver down [pron] spine,6,experience a feeling of fear or dread.
the men in grey suits,6,"people in positions of authority, especially those in government or corporate roles."
shoot straight,6,be honest and direct in one's communication.
silver bullet,6,a simple solution to a complex problem.
the holy grail,6,something that is highly sought after but difficult to obtain.
pull [pron] wool over [pron] eyes,6,deceive someone by making them believe something that is not true.
skin and bones,6,very thin and emaciated.
put [pron] cat among [pron] pigeons,6,introduce a disruptive element into a situation.
put [pron] shoulder to [pron] wheel,6,work hard and diligently to achieve a goal.
time flies,6,the passing of time seems to go quickly.
take [pron] bull by [pron] horns,6,face a difficult situation head-on and with determination.
call [pron] spade [pron] spade,6,"tell it like it is, speak honestly and directly about a situation."
read between [pron] lines,6,look for a hidden meaning in someone's words or actions.
stitch up,6,to arrange something in a way that is advantageous to oneself.
castles in the air,6,have unrealistic ideas or plans that are unlikely to come true.
pig out,6,overeat or eat a large amount of food in a short period of time.
dead serious,6,completely serious and not joking.
hang in there,6,persevere and remain strong in a difficult situation.
all that jazz,6,"all the extra details, activities, or embellishments."
as high as a kite,6,very happy or excited.
lame duck,6,a person or organization that is no longer in power or has lost their influence.
armed to the teeth,6,to be heavily armed and prepared for battle.
an ugly duckling,6,a person or thing that is initially unattractive or awkward but eventually transforms into something beautiful or impressive.
lay down [pron] law,6,establish a set of rules or expectations that must be followed.
live and learn,6,gain knowledge and experience from mistakes and successes.
well hung,6,having a large penis.
walk on air,6,to feel extremely happy and excited.
aching heart,6,feeling of deep sadness or longing.
make no bones about,6,speak openly and honestly about something without hesitation or embarrassment.
wild and woolly,6,"chaotic, unpredictable, and full of excitement."
mea culpa,6,an expression of apology or regret for a mistake or wrong-doing.
new kid on [pron] block,6,a newcomer to a place or situation.
worth [pron] weight in gold,6,extremely valuable or useful.
keep [pron] eyes peeled,6,be alert and watchful for something.
law of [pron] jungle,6,"the idea that in a society without laws, the strongest and most powerful will dominate."
turn [pron] tables,6,"reverse a situation, especially to gain an advantage over someone."
harp on,6,to continually talk about something in an annoying way.
turn [pron] blind eye,6,ignore something that one should not ignore.
be in hot water,6,be in trouble or in a difficult situation.
below the salt,6,a phrase used to describe someone or something of low social standing.
beat [pron] clock,6,finish something before the expected or allotted time.
under the wire,6,just in time; at the last possible moment.
a fish out of water,5,someone who is in an unfamiliar situation and feels uncomfortable or out of place.
white as a sheet,5,"very pale, usually due to fear or shock."
so far so good,5,things are going well up to this point.
cut corners,5,"to do something in a way that is not thorough or complete, usually in order to save time or money."
act [pron] age,5,behave in a way that is not appropriate for one's age.
big cheese,5,an important or influential person.
skin [pron] alive,5,criticize someone harshly and publicly.
sit tight,5,wait patiently and do nothing.
[pron] word is law,5,what someone says is taken as absolute truth and must be followed.
be on [pron] ball,5,be alert and prepared for anything.
achilles heel,5,a person's weak spot or vulnerability.
absence makes the heart grow fonder,5,being away from someone or something can make one appreciate them more.
chew [pron] fat,5,engage in a friendly conversation with someone.
shift gears,5,"change direction, approach, or focus."
to pull [pron] trigger,5,"to take action, usually in a decisive way."
a steal,5,a very good deal or bargain.
a slap on the wrist,5,a mild punishment or reprimand.
speak [pron] same language,5,have a mutual understanding and be able to communicate effectively.
banana republic,5,"a small, politically unstable country, typically in Latin America, that is economically dependent on a single export, such as bananas."
bag lady,5,a homeless woman who carries her possessions in bags.
charity begins at home,5,one should take care of their own family and friends before helping others.
unwritten law,5,an accepted rule or custom that is not formally expressed or recorded.
walk out on,5,leave a situation or relationship suddenly and without warning.
testing [pron] waters,5,trying something out to see how it goes or how people respond.
as poor as a church mouse,5,"very poor, having very little money."
bring to [pron] table,5,"contribute one's ideas, knowledge, or resources to a discussion or situation."
watch [pron] language,5,"be careful of what one says, as it could be offensive or inappropriate."
blood is thicker than water,5,family relationships are more important than any other relationships.
basket case,5,a person or situation that is in a state of complete disarray or chaos.
burn candles at both ends,5,"work or study excessively, often leading to exhaustion."
be a sport,5,"be generous, cooperative, and willing to help."
swim against [pron] tide,5,go against the majority opinion or trend.
butter up,5,to flatter someone in order to gain favor.
dead loss,5,a situation or person that is completely useless or hopeless.
black sheep,5,a person who is seen as a disgrace to a family or group.
an eye for an eye,5,retaliation in kind; the idea that a person who has been wronged should be given the same punishment as the wrongdoer.
alphabet soup,5,a confusing situation with many acronyms and abbreviations.
all together now,5,everyone should do something at the same time.
wear off,5,gradually decrease in intensity or effectiveness.
turn back [pron] clock,5,go back in time to a previous point in one's life.
name [pron] day,5,a day when someone is celebrated or honored.
sell [pron] soul to [pron] devil,5,make a deal with someone that involves sacrificing one's principles or values in exchange for something desired.
dead right,5,completely correct.
lift [pron] curtain,5,reveal something that was previously hidden or unknown.
fight like cat and dog,5,constantly argue and disagree with each other.
forbidden fruit,5,something that is attractive because it is not allowed or is off limits.
leave no stone unturned,5,to make a thorough effort to find something or to achieve a goal.
leave [pron] nest,5,leave the home of one's parents and become independent.
have [pron] blast,5,have a great time.
know [pron] ropes,5,be familiar with the rules and procedures of a particular situation.
eat humble pie,5,admit one's mistakes and apologize for them humbly.
have eyes only for,5,only have romantic feelings for one person.
quake in [pron] boots,5,be extremely scared or nervous.
have friends in high places,5,have influential connections with people in positions of power.
fan [pron] flames,5,encourage someone to become more passionate or excited about something.
go bananas,5,to become very excited or angry.
kangaroo court,5,a mock court in which the proceedings are biased and unjust.
jump in at [pron] deep end,5,to take on a difficult task without any prior experience or preparation.
jump [pron] gun,5,act too quickly or prematurely.
party animal,5,someone who loves to attend parties and social gatherings.
join [pron] club,5,become part of a group or activity that someone else is already involved in.
filthy rich,5,extremely wealthy.
fight [pron] good fight,5,"try one's best to achieve a goal, even if it is difficult or unlikely to be successful."
ride shotgun,5,to sit in the front passenger seat of a car.
gain ground,5,"make progress, especially in a difficult situation."
middle of the road,5,"a moderate or non-committal approach to something, avoiding extremes."
go out on [pron] limb,5,"take a risk, especially one that could have serious consequences."
dice with death,5,"take a great risk, especially one that could lead to death."
play cat and mouse,5,"to engage in a game of pursuit, where one person is trying to catch the other."
pop [pron] question,5,ask someone to marry you.
never-never land,5,a place or situation that is not real or attainable.
play away from home,5,engage in activities outside of one's usual environment or comfort zone.
sacred cow,5,"an idea, institution, or person that is treated with too much respect and not allowed to be criticized or changed."
gender bender,5,someone who does not conform to traditional gender roles.
love to death,5,"to love someone or something too much, to the point of being overbearing."
run like [pron] wind,5,move very quickly.
paint [pron] town red,5,"have a wild night out with friends, usually involving a lot of drinking and partying."
made of money,5,very wealthy
draw in [pron] horns,5,to become more cautious or conservative in one's actions or decisions.
drink like [pron] fish,5,drink a lot of alcohol.
drop [pron] bombshell,5,reveal a shocking or unexpected piece of information.
pigs might fly,5,something that is impossible or highly unlikely to happen.
drop [pron] subject,5,stop talking about a particular topic or person.
god forbid,4,expressing a wish that something unpleasant or undesirable does not happen.
have [pron] whale of [pron] time,4,have a great time.
have [pron] guts,4,have the courage to do something difficult or dangerous.
beach bum,4,"a person who spends a lot of time at the beach, usually for leisure activities."
big wheel,4,a person of influence or importance.
trip [pron] light fantastic,4,dance joyfully and energetically.
trouble and strife,4,a term of endearment used to refer to one's spouse or significant other.
bend [pron] law,4,stretch the rules or regulations to one's advantage.
keep body and soul together,4,"manage to survive, especially in difficult circumstances."
have kittens,4,to become extremely anxious or worried.
alley cat,4,a person who is wild and unpredictable.
nail it,4,successfully complete a task or achieve a goal.
money talks,4,wealth and power can influence decisions and outcomes.
work like [pron] charm,4,work very effectively and efficiently.
a load of cobblers,4,something that is not true or is nonsense.
a safe pair of hands,4,someone who is reliable and trustworthy and can be relied upon to do a good job.
meet [pron] waterloo,4,experience a complete and total defeat or failure.
no spring chicken,4,not young anymore.
not bat [pron] eyelid,4,show no reaction or emotion.
all thumbs,4,clumsy or awkward with one's hands.
let [pron] heart rule [pron] head,4,make decisions based on emotions rather than logic.
old chestnut,4,"a story, joke, or problem that has been heard or seen many times before."
hit [pron] nail on [pron] head,4,accurately identify or describe something.
laugh up [pron] sleeve,4,secretly feel or show amusement at someone or something.
kiss and make up,4,resolve a conflict and restore a friendly relationship.
watch [pron] clock,4,"pay close attention to the time, especially when it is running out."
kill time,4,to pass time in an unproductive or unenjoyable way.
kick [pron] bucket,4,die
walk of life,4,the type of job or lifestyle someone has.
bag of bones,4,a person who is very thin and frail.
ignorance is bliss,4,not knowing something can be more comfortable than knowing it.
be in black and white,4,be clearly stated and understood.
be in deep water,4,be in a difficult situation or in trouble.
dark horse,4,a person or thing that unexpectedly achieves success or prominence.
play devil's advocate,4,to argue a position or opinion that one does not necessarily agree with in order to explore all sides of an issue.
give [pron] [pron] cold shoulder,4,treat someone with indifference or hostility.
carry [pron] ball,4,"take responsibility for something, especially when others are not willing to do so."
bury [pron] hatchet,4,resolve a conflict and make peace with someone.
running battle,4,a long-term conflict or dispute that continues over a period of time.
fight fire with fire,4,respond to aggression with aggression.
stir up [pron] hornets' nest,4,do something that will cause a lot of trouble or anger.
cost [pron] arm and [pron] leg,4,be very expensive.
come to blows,4,engage in physical violence.
cat burglar,4,"a thief who steals items of value from buildings, usually by entering through a window or other opening."
swing by,4,to make a brief visit to a place.
poison pill,4,a strategy or action taken to make a situation or company unattractive to an unwelcome takeover.
chicken out,4,to back out of something due to fear or lack of courage.
slice of life,4,"a representation of reality, usually in the form of a story or film, that is intended to be realistic and relatable."
easy on the eye,4,pleasing to look at.
come out of [pron] woodwork,4,"to suddenly appear or become known, especially after a period of obscurity or inactivity."
draw fire,4,attract criticism or hostility.
sweat blood,4,work extremely hard and put in a lot of effort.
silver fox,4,an attractive older man.
cream of the crop,4,the best of a group or collection.
blue-eyed boy,4,a person who is favored or preferred by someone in a position of authority.
burn [pron] midnight oil,4,work late into the night.
bottle and glass,4,a phrase used to describe a situation where two people are in a close relationship.
scrape together,4,gather or accumulate something with difficulty or by using all available resources.
scarlet woman,3,a woman who is considered to be immoral or promiscuous.
bet [pron] bottom dollar,3,be absolutely certain of something.
clock out,3,to finish work for the day and leave the workplace.
son of a gun,3,an expression of surprise or admiration.
familiarity breeds contempt,3,being too familiar with someone or something can lead to a lack of respect or appreciation.
shake in [pron] shoes,3,be very scared or nervous about something.
smell [pron] rat,3,suspect that someone is up to something dishonest or untrustworthy.
reinvent [pron] wheel,3,"to do something that has already been done before, usually in a more complicated or inefficient way."
come out of [pron] closet,3,"acknowledge one's true identity, especially when it is different from what was previously assumed or publicly known."
skid row,3,"a poor and run-down area of a city, usually inhabited by homeless people."
come rain or shine,3,"no matter what the circumstances, something will happen."
easy on the ear,3,pleasing to listen to.
make hay while the sun shines,3,take advantage of a good opportunity while it is available.
[pron] place in [pron] sun,3,give someone recognition or praise for their accomplishments.
red flag,3,a warning sign that something is wrong or potentially dangerous.
read [pron] riot act,3,scold someone severely for their misbehavior.
put [pron] cart before [pron] horse,3,do things in the wrong order or prioritize the wrong things.
man in blue,3,a police officer
scream blue murder,3,shout or yell very loudly and angrily.
stranger things have happened,3,it is possible that something unexpected or unlikely could occur.
have big ears,3,"to be a good listener, to pay attention to what is being said."
hit [pron] sack,3,go to bed.
hocus pocus,3,a phrase used to describe something that is done in a mysterious or magical way.
bad egg,3,a person who is not trustworthy or reliable.
man of means,3,a wealthy person.
icing on the cake,3,something extra that makes a situation even better than it already is.
bring [pron] curtain down,3,"end something, usually a performance or presentation."
cash cow,3,a business or product that generates a steady and reliable income.
raise eyebrows,3,express surprise or disapproval.
virgin territory,3,a place or situation that is new and unexplored.
yes man,3,"someone who always agrees with their boss or superior, regardless of the situation."
cut [pron] mustard,2,succeed in meeting a certain standard or expectation.
men in suits,2,people in positions of power or authority.
curiosity killed the cat,2,being too inquisitive can lead to trouble.
chew [pron] cud,2,think deeply and reflect on something.
syrup of figs,2,a phrase used to describe something that is pleasant and soothing.
not in a million years,2,absolutely not; never.
get religion,2,to become very serious and devoted to a particular belief system or cause.
gas up,2,to fill up a vehicle with fuel.
that makes two of us,2,I agree with you.
take [pron] stab at,2,try one's best to do something.
take [pron] hike,2,tell someone to go away or leave.
flog [pron] dead horse,2,continue to discuss or debate a topic that has already been resolved.
[pron] bottom line is,2,the most important point or conclusion.
rabbit hole,2,a situation or activity that is difficult to escape from or that leads to a complex and confusing situation.
hit [pron] ceiling,2,reach the maximum level of success or achievement that one can attain.
carpe diem,2,seize the day; make the most of the present moment.
be [pron] item,2,be a couple or romantically involved with someone.
hold your horses,2,wait a moment; be patient.
every cloud has a silver lining,2,every difficult situation has a positive aspect.
love nest,2,a place where two people in a romantic relationship live together.
great minds think alike,1,people who are similarly intelligent or creative often have similar ideas or opinions.
act of god,1,"an event that is beyond human control, such as a natural disaster."
