index,idiom_set,idiom
1,"frozenset({'drop', 'like', 'flies'})",drop like flies
2,"frozenset({'kitchen', 'sink', 'but', 'everything'})",everything but the kitchen sink
3,"frozenset({'day', 'field'})",field day
4,"frozenset({'bird', 'flip'})",flip the bird
5,"frozenset({'tacks', 'get', 'down', 'brass'})",get down to brass tacks
6,"frozenset({'down', 'balloon', 'go', 'like', 'lead'})",go down like a lead balloon
7,"frozenset({'makes', 'haste', 'waste'})",haste makes waste
8,"frozenset({'handbasket', 'hell', 'going'})",going to hell in a handbasket
9,"frozenset({'s', 'idle', 'hands', 'devil', 'tools'})",idle hands are the devil's tools
10,"frozenset({'every', 'and', 'nook', 'cranny'})",every nook and cranny
11,frozenset({'buff'}),in the buff
12,frozenset({'face'}),in your face
13,"frozenset({'s', 'call', 'anyone'})",it's anyone's call
14,"frozenset({'knee', 'jerk', 'reaction'})",knee jerk reaction
15,"frozenset({'touch', 'knock', 'wood'})",knock on wood (touch wood)
16,"frozenset({'ears', 'lend'})",lend me your ears
17,"frozenset({'off', 'head', 'chicken', 'like', 'its', 'with', 'cut'})",like a chicken with its head cut off
18,"frozenset({'s', 'word', 'mum'})",mum's the word
19,"frozenset({'york', 'new', 'minute'})",New York minute
20,"frozenset({'dice', 'no'})",no dice
21,"frozenset({'no', 'cat', 'room', 'swing'})",no room to swing a cat
22,"frozenset({'off', 'wrong', 'foot'})",off on the wrong foot
24,"frozenset({'pedal', 'metal'})",pedal to the metal
25,"frozenset({'zenith', 'life', 'or', 'career'})",zenith of career or life
26,"frozenset({'young', 'turk'})",Young Turk
27,"frozenset({'unring', 'bell'})",unring the bell
28,"frozenset({'wire', 'down'})",down to the wire
29,"frozenset({'gift', 't', 'horse', 'don', 'look', 'mouth'})",don't look a gift horse in the mouth
30,"frozenset({'joe', 'cup'})",cup of joe
31,"frozenset({'no', 'cigar', 'but', 'close'})","close, but no cigar"
32,"frozenset({'stand', 'can', 'sight', 't'})",can't stand the sight of
33,"frozenset({'keep', 'schtum'})",keep schtum
34,"frozenset({'shop', 'stop', 'one'})",one stop shop
35,"frozenset({'relationship', 'stormy'})",stormy relationship
36,"frozenset({'every', 'story', 'picture', 'tells'})",every picture tells a story
37,"frozenset({'rat', 'love'})",love rat
38,"frozenset({'haste', 'repent', 'marry', 'leisure'})","marry in haste, repent at leisure"
39,"frozenset({'love', 'blind'})",love is blind
40,"frozenset({'beholder', 'eye', 'beauty'})",beauty is in the eye of the beholder
41,"frozenset({'break', 'split', 'up'})",break up | split up
42,"frozenset({'leave', 'altar'})",leave at the altar
43,"frozenset({'little', 'three', 'words'})",those three little words
44,"frozenset({'date', 'double'})",double date
45,"frozenset({'year', 'round'})",year-round
46,"frozenset({'heaven', 'match', 'made'})",match made in heaven
47,"frozenset({'wise', 'one', 'and', 'love', 'cannot'})",one cannot love and be wise
48,"frozenset({'never', 'true', 'run', 'smooth', 'did', 'love', 'course'})",the course of true love never did run smooth
49,"frozenset({'love', 'no', 'lost'})",no love lost
50,"frozenset({'sealed', 'with', 'kiss'})",sealed with a kiss
51,"frozenset({'cheese', 'hard'})",hard cheese
52,"frozenset({'hip', 'joined'})",joined at the hip
53,"frozenset({'end', 'story'})",end of story
54,"frozenset({'hand', 'worth', 'bush', 'two', 'bird'})",a bird in the hand is worth two in the bush
55,"frozenset({'toss', 'up'})",toss-up
56,"frozenset({'no', 'bark', 'bite', 'and', 'all'})",all bark and no bite
57,"frozenset({'greek', 'all'})",all Greek to me
58,"frozenset({'beat', 'bush', 'around'})",beat around the bush
59,"frozenset({'chow', 'down'})",chow down
60,"frozenset({'fair', 'war', 'and', 'love', 'all'})",all is fair in love and war
61,"frozenset({'streak', 'yellow'})",yellow streak
62,"frozenset({'zip', 'lip'})",zip your lip
63,"frozenset({'poke', 'pig'})",pig in a poke
64,"frozenset({'and', 'suited', 'booted'})",suited and booted
65,"frozenset({'out', 'mind'})",out of mind
66,"frozenset({'off', 'away', 'zoom'})",zoom away | zoom off
67,"frozenset({'keep', 'top'})",keep on top
68,"frozenset({'chill', 'bone'})",chill to the bone
69,"frozenset({'with', 'concern'})",concern with
70,"frozenset({'within', 'earshot'})",within earshot
71,"frozenset({'and', 'time', 'again'})",time and again
72,"frozenset({'take', 'effect'})",take effect
73,"frozenset({'none', 'lip'})",none of your lip
74,"frozenset({'do', 'strive'})",strive to do
75,"frozenset({'as', 'dead', 'dodo'})",dead as a dodo
77,"frozenset({'cards', 'house'})",a house of cards
78,"frozenset({'pull', 'socks', 'up'})",pull your socks up
79,"frozenset({'between', 'fall', 'cracks'})",fall between the cracks
80,"frozenset({'thought', 'lost'})",lost in thought
81,"frozenset({'fate', 'twist'})",twist of fate
83,"frozenset({'pass', 'torch'})",pass the torch
84,"frozenset({'skin', 'get', 'under'})",get under skin
85,"frozenset({'heads', 'up'})",heads up
86,"frozenset({'tight', 'run', 'ship'})",run a tight ship
87,"frozenset({'down', 'come', 'with'})",come down with
88,"frozenset({'right', 'two', 't', 'don', 'make', 'wrongs'})",two wrongs don't make a right
89,"frozenset({'from', 'time'})",from time to time
90,"frozenset({'ropes', 'learn'})",learn the ropes
91,"frozenset({'deck', 'stack'})",stack the deck
92,"frozenset({'mind', 'blow'})",blow mind
93,"frozenset({'row', 'blazing'})",blazing row
94,"frozenset({'sock', 'put'})",put a sock in it
95,"frozenset({'one', 'not', 'day', 'rome', 'built'})",rome was not built in one day
97,"frozenset({'all', 'can', 't', 'win'})",you can't win them all
98,frozenset({'wish'}),you wish
99,"frozenset({'know', 'better', 'than'})",you know better than that
100,"frozenset({'can', 'say', 'again'})",you can say that again
101,"frozenset({'got', 've', 'kidding'})",you've got to be kidding
102,frozenset({'made'}),made it
103,"frozenset({'strike', 'surgical'})",surgical strike
104,"frozenset({'sense', 'make'})",make sense
105,"frozenset({'s', 'dozen', 'baker'})",baker's dozen
106,"frozenset({'across', 'come'})",come across
107,"frozenset({'have', 'must'})",must have
108,"frozenset({'hand', 'upper'})",upper hand
109,"frozenset({'shine', 'and', 'rise'})",rise and shine
110,"frozenset({'figure', 'ballpark'})",ballpark figure
111,"frozenset({'zero', 'tolerance'})",zero tolerance
113,"frozenset({'pours', 'rains', 'when'})","when it rains, it pours"
114,"frozenset({'blind', 'alley', 'up'})",up a blind alley
115,"frozenset({'skidoo', 'three', 'twenty'})",twenty-three skidoo
116,"frozenset({'s', 'charm', 'third', 'time'})",third time's a charm
117,"frozenset({'fall', 'harder', 'bigger'})",the bigger they are the harder they fall
118,frozenset({'southpaw'}),southpaw
119,"frozenset({'something', 'fishy', 'smell'})",smell something fishy
120,"frozenset({'riding', 'shotgun'})",riding shotgun
121,frozenset({'scapegoat'}),scapegoat
122,"frozenset({'bell', 'saved'})",saved by the bell
123,"frozenset({'free', 'scot'})",scot-free
124,"frozenset({'roaring', 'trade'})",roaring trade
125,"frozenset({'patch', 'rough', 'through', 'go'})",go through a rough patch
126,"frozenset({'get', 'hitched'})",get hitched
127,"frozenset({'love', 'cupboard'})",cupboard love
128,"frozenset({'hard', 'rock', 'and', 'between', 'place'})",between a rock and a hard place
129,"frozenset({'chase', 'cut'})",cut to the chase
130,"frozenset({'pigs', 'fly', 'when'})",when pigs fly
131,"frozenset({'set', 'ways'})",set in ways
132,"frozenset({'s', 'thing', 'one', 'not', 'other', 'if'})","if it's not one thing, it's the other"
133,"frozenset({'until', 'come', 'cows', 'home'})",until the cows come home
134,"frozenset({'what', 'eat'})",you are what you eat
135,"frozenset({'parted', 'money', 'fool', 'easily', 'and'})",a fool and his money are easily parted
136,"frozenset({'divided', 'itself', 'cannot', 'stand', 'against', 'house'})",a house divided against itself cannot stand
137,"frozenset({'spots', 'leopard', 't', 'can', 'change'})",a leopard can't change his spots
138,frozenset({'stake'}),at stake
139,frozenset({'sea'}),at sea
140,"frozenset({'scratch', 'back'})",scratch back
141,"frozenset({'s', 'small', 'world'})",it's a small world
142,"frozenset({'name', 'mud'})",name is mud
143,"frozenset({'ginger', 'up'})",ginger up
144,"frozenset({'link', 'only', 'its', 'strong', 'as', 'chain', 'weakest'})",a chain is only as strong as its weakest link
145,"frozenset({'fives', 'bunch'})",a bunch of fives
146,"frozenset({'cold', 'turkey'})",cold turkey
147,"frozenset({'blues', 'baby'})",baby blues
148,"frozenset({'before', 'one', 'jack', 'robinson', 'can', 'say'})",before one can say Jack Robinson
150,"frozenset({'forever', 'diamond'})",diamond is forever
151,"frozenset({'s', 'fool', 'paradise'})",fool's paradise
152,"frozenset({'fish', 'from', 'head', 'down', 'rots'})",fish rots from the head down
153,"frozenset({'call', 'wild'})",call of the wild
154,"frozenset({'gods', 'dish', 'fit'})",dish fit for the gods
155,"frozenset({'s', 'man', 'best', 'friend'})",man's best friend
156,"frozenset({'as', 'hatter', 'mad'})",as mad as a hatter
157,"frozenset({'never', 'so', 'have', 'had', 'good'})",have never had it so good
158,"frozenset({'shoulder', 'chip'})",chip on shoulder
159,"frozenset({'hit', 'books'})",hit the books
160,"frozenset({'method', 'madness'})",method to madness
161,"frozenset({'make', 'long', 'short', 'story'})",make a long story short
163,"frozenset({'worth', 'words', 'thousand', 'picture'})",a picture is worth a thousand words
164,"frozenset({'playing', 'full', 'not', 'deck', 'with'})",not playing with a full deck
165,"frozenset({'rags', 'part', 'brass'})",part brass rags
166,"frozenset({'raft', 'whole'})",a whole raft of
167,"frozenset({'devil', 'speak'})",speak of the devil
168,"frozenset({'taste', 'medicine'})",taste of own medicine
169,"frozenset({'s', 'from', 'horse', 'straight', 'mouth'})",straight from the horse's mouth
170,"frozenset({'yards', 'nine', 'whole'})",whole nine yards
171,"frozenset({'caught', 'wouldn', 't', 'dead'})",wouldn't be caught dead
172,"frozenset({'skin', 'teeth'})",by the skin of your teeth
173,"frozenset({'over', 'moon'})",over the moon
174,"frozenset({'out', 'hat', 'rabbit', 'pull'})",pull a rabbit out of the hat
175,"frozenset({'somebody', 'some', 'slack', 'cut'})",cut somebody some slack
176,"frozenset({'down', 'flames', 'go'})",go down in flames
177,"frozenset({'tar', 'with', 'brush', 'same'})",tar with the same brush
178,"frozenset({'hip', 'from', 'shoot'})",shoot from the hip
179,"frozenset({'out', 'swinging', 'come'})",come out swinging
180,"frozenset({'extra', 'mile', 'go'})",go the extra mile
181,"frozenset({'fumes', 'running'})",running on fumes
182,"frozenset({'out', 'someone', 'sell'})",sell someone out
183,"frozenset({'care', 'couldn', 't', 'less'})",couldn't care less
184,"frozenset({'away', 'blow'})",blow away
185,"frozenset({'pink', 'tickled'})",tickled pink
186,"frozenset({'let', 'fall', 'where', 'chips', 'may'})",let the chips fall where they may
187,"frozenset({'s', 'throw', 'stone'})",stone's throw
188,"frozenset({'as', 'good', 'guess'})",your guess is as good as mine
189,"frozenset({'die', 'hard', 'habits', 'old'})",old habits die hard
190,"frozenset({'x', 'factor'})",X Factor
191,"frozenset({'man', 'hard', 'find', 'good'})",a good man is hard to find
192,"frozenset({'class', 'clown'})",class clown
193,"frozenset({'tall', 'story'})",tall story
194,"frozenset({'first', 'love', 'sight'})",love at first sight
195,"frozenset({'shally', 'shilly'})",shilly-shally
196,"frozenset({'bird', 'little', 'told'})",a little bird told me
197,"frozenset({'year', 'dot'})",year dot
198,"frozenset({'tittle', 'jot', 'or'})",jot or tittle
199,"frozenset({'love', 'fall'})",fall in love
200,frozenset({'crush'}),crush
201,"frozenset({'as', 'mustard', 'keen'})",keen as mustard
202,"frozenset({'paddle', 'canoe'})",paddle own canoe
203,"frozenset({'out', 'with', 'go'})",go out with
204,"frozenset({'lie', 'low'})",lie low
205,"frozenset({'happy', 'clam', 'as'})",happy as a clam
206,"frozenset({'hissy', 'fit'})",hissy fit
207,"frozenset({'steady', 'go'})",go steady
208,"frozenset({'lovey', 'dovey'})",lovey-dovey
209,"frozenset({'out', 'off', 'wear'})","wear off, out"
210,"frozenset({'with', 'smitten'})",smitten with
211,"frozenset({'would', 'beggars', 'wishes', 'ride', 'horses', 'if'})","if wishes were horses, beggars would ride"
212,"frozenset({'ninepence', 'as', 'nice'})",as nice as ninepence
213,"frozenset({'hat', 'll', 'i', 'eat'})",i'll eat my hat
214,"frozenset({'born', 'silver', 'spoon', 'with', 'mouth'})",born with a silver spoon in mouth
215,"frozenset({'s', 'uncle', 'bob'})",bob's your uncle
216,"frozenset({'love', 'puppy'})",puppy love
217,"frozenset({'life', 'love'})",love of life
218,"frozenset({'out', 'veg'})",veg out
219,"frozenset({'s', 'appetite', 'whet', 'one'})",whet one's appetite
220,"frozenset({'have', 'hots'})",have the hots for
221,"frozenset({'need', 'friend', 'indeed'})",a friend in need is a friend indeed
222,"frozenset({'bald', 'as', 'coot'})",as bald as a coot
223,"frozenset({'dancing', 'singing', 'all'})","all singing, all dancing"
224,"frozenset({'door', 'key', 'golden', 'can', 'open', 'any'})",a golden key can open any door
225,"frozenset({'little', 'what', 'does', 'fancy', 'good'})",a little of what you fancy does you good
226,"frozenset({'will', 'clutch', 'straw', 'man', 'drowning'})",a drowning man will clutch at a straw
227,"frozenset({'cat', 'king', 'look', 'may'})",a cat may look at a king
228,"frozenset({'as', 'nod', 'wink', 'good'})",a nod is as good as a wink
229,"frozenset({'and', 'its', 'place', 'everything'})",a place for everything and everything in its place
230,"frozenset({'as', 'mile', 'miss', 'good'})",a miss is as good as a mile
231,"frozenset({'little', 'dangerous', 'knowledge', 'thing'})",a little knowledge is a dangerous thing
232,"frozenset({'rolling', 'no', 'moss', 'gathers', 'stone'})",a rolling stone gathers no moss
233,"frozenset({'penny', 'earned', 'saved'})",a penny saved is a penny earned
234,"frozenset({'fly', 'or', 'not', 'flea', 'hurt'})",not hurt a fly or flea
235,"frozenset({'s', 'hornet', 'stir', 'nest', 'up'})",stir up a hornet's nest
236,"frozenset({'eyed', 'bug'})",bug-eyed
237,"frozenset({'stock', 'laughing'})",laughing stock
238,"frozenset({'hive', 'activity'})",hive of activity
239,"frozenset({'use', 'loaf'})",use your loaf
240,"frozenset({'around', 'gills', 'green'})",green around the gills
241,"frozenset({'bug', 'someone'})",bug someone
242,"frozenset({'as', 'toad', 'calm', 'sun'})",as calm as a toad in the sun
243,"frozenset({'turn', 'turtle'})",turn turtle
244,"frozenset({'compliment', 'fish'})",fish for a compliment
245,"frozenset({'clam', 'up'})",clam up
246,frozenset({'whale'}),a whale of
247,frozenset({'doozy'}),doozy
248,"frozenset({'s', 'ear', 'music', 'gogh', 'van'})",Van Gogh's ear for music
249,"frozenset({'dry', 'run'})",dry run
250,"frozenset({'hog', 'high'})",high on the hog
251,"frozenset({'easy', 'as', 'pie'})",as easy as pie
252,"frozenset({'as', 'sick', 'dog'})",sick as a dog
253,"frozenset({'ears', 'all'})",all ears
254,"frozenset({'down', 'batten', 'hatches'})",batten down the hatches
255,frozenset({'meantime'}),in the meantime
256,frozenset({'take'}),take on
257,frozenset({'catnap'}),catnap
258,"frozenset({'hold', 'tongue'})",hold tongue
259,"frozenset({'hearted', 'warm'})",warm-hearted
260,frozenset({'course'}),of course
261,"frozenset({'spanner', 'works'})",spanner in the works
262,"frozenset({'see', 'light'})",see the light
263,"frozenset({'hole', 'black'})",black hole
264,frozenset({'row'}),in a row
265,"frozenset({'up', 'hang'})",hang up
266,"frozenset({'mark', 'up'})",up to the mark
267,"frozenset({'wind', 'up'})",wind up
268,"frozenset({'crap', 'cut'})",cut the crap
269,"frozenset({'roller', 'high'})",high roller
270,"frozenset({'take', 'turns'})",take turns
271,"frozenset({'shot', 'give'})",give a shot
272,"frozenset({'come', 'yet', 'best'})",the best is yet to come
274,"frozenset({'take', 'chin'})",take it on the chin
275,"frozenset({'out', 'point'})",point out
276,"frozenset({'fat', 'chance'})",fat chance
277,"frozenset({'miles', 'before', 'go', 'i', 'sleep'})",miles to go before I sleep
278,"frozenset({'and', 'heart', 'soul'})",heart and soul
279,"frozenset({'calling', 'kettle', 'black', 'pot'})",pot calling the kettle black
280,"frozenset({'armour', 'knight', 'shining'})",knight in shining armour
283,frozenset({'pardon'}),pardon me
284,"frozenset({'out', 'figure'})",figure out
285,"frozenset({'crow', 'eat'})",eat crow
286,"frozenset({'platter', 'silver'})",on a silver platter
287,frozenset({'huff'}),in a huff
288,"frozenset({'sheet', 'cheat'})",cheat sheet
289,"frozenset({'blank', 'point'})",point blank
290,"frozenset({'what', 'say'})",say what
291,frozenset({'count'}),count on
292,"frozenset({'out', 'run'})",run out
293,"frozenset({'come', 'over'})",come over
294,"frozenset({'eager', 'beaver'})",eager beaver
295,frozenset({'touch'}),in touch
296,"frozenset({'out', 'fall'})",fall out
297,"frozenset({'day', 'end'})",end of the day
298,"frozenset({'silence', 'golden'})",silence is golden
299,"frozenset({'hand', 'other'})",on the other hand
300,"frozenset({'care', 'take'})",take care
301,"frozenset({'will', 'tell', 'time'})",time will tell
302,"frozenset({'river', 'cry'})",cry me a river
303,"frozenset({'mend', 'fences'})",mend fences
304,"frozenset({'second', 'playing', 'fiddle'})",playing second fiddle
306,"frozenset({'throw', 'out', 'baby', 'bathwater', 'with'})",throw the baby out with the bathwater
307,"frozenset({'sitting', 'duck'})",sitting duck
308,"frozenset({'dice', 'roll'})",roll the dice
309,"frozenset({'after', 'time'})",time after time
310,"frozenset({'drop', 'dime'})",at the drop of a dime
311,"frozenset({'voice', 'wilderness', 'crying'})",a voice crying in the wilderness
312,"frozenset({'zero', 'game', 'sum'})",zero-sum game
313,"frozenset({'zip', 'past'})",zip past
314,"frozenset({'anger', 'fit'})",fit of anger
315,"frozenset({'words', 'eat'})",eat words
316,"frozenset({'ups', 'and', 'downs'})",ups and downs
317,"frozenset({'halfway', 'meet'})",meet halfway
318,"frozenset({'ms', 'right', 'mr'})","Mr Right, Ms Right"
319,frozenset({'vain'}),in vain
321,"frozenset({'up', 'no', 'good'})",up to no good
322,"frozenset({'stands', 'reason'})",stands to reason
323,"frozenset({'so', 'speak'})",so to speak
324,"frozenset({'free', 'spirit'})",free spirit
325,"frozenset({'and', 'about', 'up'})",up and about
326,"frozenset({'above', 'head', 'water'})",head above water
327,"frozenset({'ends', 'meet', 'make'})",make ends meet
328,"frozenset({'habit', 'kick'})",kick the habit
329,"frozenset({'bitten', 'shy', 'twice', 'once'})","once bitten, twice shy"
330,"frozenset({'first', 'light'})",first light
331,"frozenset({'fire', 'under'})",under fire
332,"frozenset({'friend', 'fair', 'weather'})",fair-weather friend
333,"frozenset({'dollars', 'donuts'})",dollars to donuts
334,"frozenset({'as', 'blind', 'bat'})",blind as a bat
335,"frozenset({'broken', 'heart'})",broken heart
336,frozenset({'drop'}),drop by
337,"frozenset({'off', 'ward'})",ward off
338,frozenset({'roll'}),on a roll
339,"frozenset({'food', 'fast'})",fast food
340,"frozenset({'s', 'toot', 'horn', 'one'})",toot one's own horn
341,"frozenset({'into', 'fire', 'out', 'pan', 'frying'})",out of the frying pan into the fire
342,"frozenset({'easter', 'egg'})",Easter egg
343,"frozenset({'easy', 'does'})",easy does it
344,"frozenset({'brakes', 'put'})",put the brakes on
345,frozenset({'re'}),you're on
346,"frozenset({'tight', 'sleep'})",sleep tight
347,"frozenset({'up', 'give'})",give up
348,frozenset({'mark'}),on your mark
349,"frozenset({'devil', 'wife', 'beating'})",the devil is beating his wife
350,"frozenset({'take', 'over'})",take over
351,frozenset({'lost'}),lost on
352,frozenset({'lose'}),lose it
353,"frozenset({'words', 'mark'})",mark my words
354,frozenset({'earworm'}),earworm
355,"frozenset({'all', 'rage'})",all the rage
356,frozenset({'so'}),so so
357,"frozenset({'so', 'and'})",so and so
358,frozenset({'mend'}),on the mend
359,"frozenset({'off', 'get'})",get off
360,frozenset({'prone'}),prone to
361,"frozenset({'out', 'and', 'over'})",over and out
362,"frozenset({'and', 'over', 'again'})",over and over again
363,"frozenset({'and', 'above', 'over'})",over and above
364,"frozenset({'slip', 'tongue'})",slip of the tongue
365,"frozenset({'road', 'recovery'})",road to recovery
366,"frozenset({'stand', 'out'})",stand out
367,"frozenset({'piece', 'work'})",piece of work
368,"frozenset({'soon', 'speak'})",speak soon
369,"frozenset({'piece', 'writing'})",piece of writing
370,"frozenset({'get', 'goat'})",get your goat
371,"frozenset({'radar', 'under'})",under the radar
372,"frozenset({'neck', 'and'})",neck and neck
373,"frozenset({'next', 'kin'})",next of kin
374,"frozenset({'long', 'last'})",last long
375,"frozenset({'snow', 'under'})",snow under
377,"frozenset({'not', 'glitters', 'all', 'gold'})",all that glitters is not gold
378,"frozenset({'freezes', 'hell', 'when', 'over'})",when hell freezes over
379,"frozenset({'call', 'too', 'close'})",too close to call
380,"frozenset({'best', 'all'})",all the best
381,"frozenset({'learning', 'curve'})",learning curve
382,"frozenset({'as', 'simple'})",as simple as that
383,"frozenset({'s', 'will', 'where', 'there', 'way'})","where there's a will, there's a way"
385,"frozenset({'s', 'better', 'safe', 'sorry', 'than'})",it's better to be safe than sorry
386,"frozenset({'things', 'first'})",first things first
387,"frozenset({'still', 'deep', 'run', 'waters'})",still waters run deep
388,"frozenset({'ain', 't', 'broke', 'don', 'fix', 'if'})","if it ain't broke, don't fix it"
389,"frozenset({'before', 'run', 'walk', 'learn'})",learn to walk before you run
390,"frozenset({'t', 'money', 'doesn', 'grow', 'trees'})",money doesn't grow on trees
391,"frozenset({'hands', 'tied'})",hands are tied
393,"frozenset({'news', 'no', 'good'})",no news is good news
394,"frozenset({'ll', 'back', 'scratch', 'i', 'if'})","if you scratch my back, I'll scratch yours"
395,"frozenset({'out', 'sight', 'mind'})","out of sight, out of mind"
396,"frozenset({'work', 'many', 'hands', 'light', 'make'})",many hands make light work
397,"frozenset({'fruit', 'always', 'sweetest', 'forbidden'})",forbidden fruit is always the sweetest
398,"frozenset({'rub', 'wrong', 'way'})",rub the wrong way
399,"frozenset({'piper', 'pay'})",pay the piper
400,"frozenset({'cross', 'hairs'})",in the cross hairs
401,"frozenset({'like', 'horse', 'eat'})",eat like a horse
402,"frozenset({'off', 'touch'})",touch off
403,"frozenset({'trip', 'sun'})",a trip to the sun
404,"frozenset({'not', 'sharpest', 'shed', 'tool'})",not the sharpest tool in the shed
405,"frozenset({'s', 'do', 'thing', 'i', 'last', 'if'})",if it's the last thing I do
406,"frozenset({'father', 'like', 'son'})",like father like son
407,"frozenset({'like', 'sieve', 'memory'})",memory like a sieve
408,"frozenset({'bang', 'wall', 'head', 'against'})",bang head against wall
409,"frozenset({'shoulders', 'above', 'and', 'head'})",head and shoulders above
410,"frozenset({'justice', 'do'})",do justice to
411,"frozenset({'t', 'without', 'eggs', 'breaking', 'make', 'omelette', 'few', 'can'})",you can't make an omelette without breaking a few eggs
412,"frozenset({'want', 'i', 'last', 'thing'})",the last thing I want
413,"frozenset({'while', 'strike', 'hot', 'iron'})",strike while the iron is hot
414,"frozenset({'policy', 'honesty', 'best'})",honesty is the best policy
415,"frozenset({'above', 'cut'})",a cut above
416,frozenset({'love'}),being in love
417,frozenset({'outbreak'}),outbreak
418,frozenset({'breakout'}),breakout
419,"frozenset({'cold', 'hearted'})",cold hearted
420,"frozenset({'status', 'quo'})",status quo
421,"frozenset({'romans', 'do', 'as', 'rome', 'when'})","when in Rome, do as the Romans"
422,"frozenset({'sword', 'than', 'pen', 'mightier'})",the pen is mightier than the sword
423,"frozenset({'grease', 'gets', 'wheel', 'squeaky'})",the squeaky wheel gets the grease
424,"frozenset({'gets', 'tough', 'get', 'when', 'going'})","when the going gets tough, the tough get going"
425,"frozenset({'cover', 'run'})",run for cover
426,frozenset({'follow'}),follow by
427,"frozenset({'fortune', 'favours', 'bold'})",fortune favours the bold
428,"frozenset({'spoil', 'many', 'cooks', 'too', 'broth'})",too many cooks spoil the broth
429,"frozenset({'worst', 'prepare', 'hope', 'best', 'but'})","hope for the best, but prepare for the worst"
430,"frozenset({'feather', 'flock', 'together', 'birds'})",birds of a feather flock together
431,"frozenset({'free', 'such', 'no', 'thing', 'there', 's', 'lunch', 'as'})",there's no such thing as a free lunch
432,"frozenset({'s', 'no', 'like', 'there', 'place', 'home'})",there's no place like home
433,"frozenset({'part', 'valour', 'discretion', 'greater'})",discretion is the greater part of valour
434,"frozenset({'bird', 'early', 'catches', 'worm'})",the early bird catches the worm
435,"frozenset({'never', 'gift', 'horse', 'look', 'mouth'})",never look a gift horse in the mouth
436,"frozenset({'who', 'god', 'help', 'helps', 'themselves'})",God helps those who help themselves
437,"frozenset({'never', 'watched', 'boils', 'pot'})",a watched pot never boils
438,"frozenset({'can', 'beggars', 't', 'choosers'})",beggars can't be choosers
439,"frozenset({'things', 'come', 'end', 'must', 'all', 'good'})",all good things must come to an end
440,"frozenset({'s', 'present', 'time', 'no', 'like', 'there'})",there's no time like the present
441,"frozenset({'heads', 'better', 'two', 'one', 'than'})",two heads are better than one
442,"frozenset({'greener', 'grass', 'always', 'side', 'other'})",grass is always greener on the other side
443,"frozenset({'enemies', 'close', 'friends', 'keep', 'and', 'closer'})",keep your friends close and your enemies closer
444,"frozenset({'turning', 'point'})",turning point
445,"frozenset({'household', 'name'})",household name
446,frozenset({'has'}),has-been
447,"frozenset({'sand', 'line'})",line in the sand
448,"frozenset({'means', 'end'})",means to an end
449,"frozenset({'cheese', 'chalk', 'different', 'as', 'and'})",as different as chalk and cheese
450,"frozenset({'shades', 'grey'})",shades of grey
452,"frozenset({'touch', 'finishing'})",finishing touch
453,"frozenset({'treasure', 'trove'})",treasure trove
454,"frozenset({'time', 'high'})",high time
455,"frozenset({'out', 'heart', 'goes'})",heart goes out to
456,"frozenset({'smoke', 'blowing'})",blowing smoke
457,"frozenset({'burnt', 'child', 'dreads', 'fire'})",a burnt child dreads the fire
458,"frozenset({'soon', 'speak', 'too'})",speak too soon
459,"frozenset({'crazy', 'drive'})",drive crazy
460,"frozenset({'full', 'beans'})",full of beans
461,"frozenset({'after', 'go'})",go after
462,"frozenset({'away', 'pass'})",pass away
463,"frozenset({'up', 'high'})",high up
464,"frozenset({'business', 'none'})",none of your business
465,"frozenset({'time', 'same'})",at the same time
466,"frozenset({'what', 'up'})",what are you up to
467,frozenset({'hang'}),hang on
468,"frozenset({'break', 'open'})",break open
469,"frozenset({'up', 'speak'})",speak up
470,"frozenset({'start', 'head'})",head start
471,"frozenset({'day', 'slow'})",slow day
472,frozenset({'carry'}),carry on
473,"frozenset({'day', 'long', 'all'})",all day long
474,"frozenset({'stock', 'take'})",take stock
475,"frozenset({'stay', 'up'})",stay up
476,"frozenset({'page', 'turner'})",page-turner
477,"frozenset({'pillar', 'from', 'post'})",from pillar to post
478,"frozenset({'laughter', 'best', 'medicine'})",laughter is the best medicine
479,"frozenset({'tingling', 'spine'})",spine-tingling
480,"frozenset({'jerking', 'tear'})",tear-jerking
481,"frozenset({'blow', 'trumpet'})",blow your own trumpet
482,"frozenset({'keep', 'hair'})",keep your hair on
484,"frozenset({'s', 'crumbles', 'way', 'cookie'})",that's the way the cookie crumbles
485,"frozenset({'break', 'mould'})",break the mould
486,"frozenset({'button', 'lip'})",button your lip
487,"frozenset({'against', 'back', 'wall'})",back against the wall
488,"frozenset({'appetit', 'bon'})",bon appetit
490,"frozenset({'beck', 'and', 'call'})",beck and call
491,"frozenset({'headless', 'chicken', 'like', 'around', 'running'})",running around like a headless chicken
492,"frozenset({'shed', 'light'})",shed light
493,"frozenset({'chill', 'marrow'})",chill to the marrow
494,"frozenset({'fetched', 'far'})",far-fetched
495,"frozenset({'plate', 'lot'})",a lot on my plate
496,"frozenset({'polisher', 'apple'})",apple polisher
497,"frozenset({'lipped', 'tight'})",tight-lipped
498,"frozenset({'oven', 'bun'})",bun in the oven
499,"frozenset({'eggshell', 'walk'})",walk on eggshell
500,frozenset({'pickle'}),in a pickle
501,frozenset({'head'}),head-on
502,"frozenset({'from', 'now'})",from now on
503,"frozenset({'cat', 'tongue', 'got'})",cat got your tongue
504,"frozenset({'keep', 'clean', 'nose'})",keep your nose clean
505,"frozenset({'kill', 'lays', 'goose', 'egg', 'golden'})",kill the goose that lays the golden egg
506,"frozenset({'buck', 'up'})",buck up
507,"frozenset({'man', 'island', 'no'})",no man is an island
508,"frozenset({'queensberry', 'rules'})",Queensberry rules
509,"frozenset({'vive', 'qui'})",qui vive
510,"frozenset({'rack', 'brains'})",rack your brains
511,"frozenset({'cross', 'come', 'when', 'bridge'})",cross that bridge when we come to it
512,"frozenset({'goose', 'cook'})",cook his goose
513,"frozenset({'down', 'ton', 'bricks', 'came', 'like'})",came down like a ton of bricks
514,"frozenset({'coast', 'clear'})",coast is clear
515,"frozenset({'horizon', 'cloud'})",cloud on the horizon
516,"frozenset({'clamp', 'down'})",clamp down
517,"frozenset({'wind', 'chill'})",chill wind
518,"frozenset({'torch', 'carry'})",carry the torch for
519,"frozenset({'can', 'carry'})",carry the can
520,"frozenset({'coals', 'castle', 'new', 'carry'})",carry coals to new castle
521,"frozenset({'cards', 'against', 'stacked'})",cards are stacked against
522,"frozenset({'tailed', 'eyed', 'bushy', 'bright', 'and'})",bright-eyed and bushy-tailed
523,"frozenset({'leg', 'broke'})",broke a leg
524,"frozenset({'out', 'fell', 'bottom'})",bottom fell out
525,"frozenset({'horn', 'blow'})",blow his own horn
526,"frozenset({'blind', 'leading'})",blind leading the blind
527,"frozenset({'sheep', 'black', 'family'})",black sheep of the family
528,"frozenset({'off', 'one', 'more', 'chew', 'bite', 'than', 'can'})",bite off more than one can chew
529,"frozenset({'horse', 'wrong', 'bet'})",bet on the wrong horse
530,"frozenset({'bent', 'ears'})",bent your ears
531,"frozenset({'see', 'begun', 'light'})",begun to see the light
532,"frozenset({'beat', 'drum'})",beat the drum
533,"frozenset({'beat', 'wall', 'head', 'against'})",beat his head against the wall
534,"frozenset({'beat', 'brain', 'out'})",beat your brain out
535,"frozenset({'made', 'tailor'})",been tailor made
536,frozenset({'edge'}),was on the edge
537,"frozenset({'walls', 'off', 'bouncing'})",being bouncing off the walls
538,"frozenset({'tune', 'dances'})",dances to the tune
539,"frozenset({'grave', 'dancing'})",dancing on their grave
540,"frozenset({'dead', 'duck'})",dead duck
541,"frozenset({'deep', 'down'})",deep down
542,"frozenset({'getting', 'fingers', 'burnt'})",getting my fingers burnt
543,"frozenset({'somebody', 'got', 'goat', 's'})",got somebody's goat
544,"frozenset({'got', 'off', 'back'})",got off your back
545,"frozenset({'out', 'gets', 'system'})",gets it out of his system
546,"frozenset({'got', 'hair'})",got in his hair
547,"frozenset({'out', 'loud', 'crying'})",for crying out loud
548,"frozenset({'mouth', 'foot'})",foot in mouth
549,"frozenset({'into', 'fling'})",fling him into
550,"frozenset({'fingers', 'and', 'thumbs'})",fingers and thumbs
551,"frozenset({'fight', 'battle', 'losing'})",fight a losing battle
552,"frozenset({'fall', 'cracks', 'through'})",fall through the cracks
553,"frozenset({'sword', 'fall'})",fall on his sword
554,"frozenset({'fall', 'feet'})",fall on our feet
555,"frozenset({'bats', 'belfry'})",bats in the belfry
556,"frozenset({'flat', 'fall'})",fall flat
557,"frozenset({'fall', 'first', 'hurdle'})",fall at first hurdle
558,"frozenset({'eyes', 'than', 'bigger', 'stomach'})",eyes are bigger than his stomach
559,"frozenset({'smoke', 'end'})",end in smoke
560,"frozenset({'alive', 'ate'})",ate her alive
561,"frozenset({'alive', 'eat'})",eat him alive
562,"frozenset({'crow', 'ate'})",ate crow
563,"frozenset({'between', 'wedge', 'drive'})",drive a wedge between
564,"frozenset({'its', 'feet', 'dragging'})",dragging its feet
565,"frozenset({'edged', 'sword', 'double'})",double-edged sword
566,"frozenset({'t', 'bricks', 'threw', 'when', 'house', 'don', 'glass', 'live'})",don't threw bricks when you live in a glass house
567,"frozenset({'cry', 't', 'spilt', 'don', 'milk', 'over'})",don't cry over spilt milk
568,"frozenset({'bullet', 'dodge'})",dodge a bullet
569,"frozenset({'back', 'dial'})",dial it back
570,"frozenset({'fall', 'side', 'way'})",fall by the way side
571,"frozenset({'territory', 'bandit'})",bandit territory
572,"frozenset({'ball', 'fire'})",ball of fire
573,"frozenset({'and', 'chain', 'ball'})",ball and chain
575,"frozenset({'apple', 'discord'})",apple of discord
576,"frozenset({'apple', 'eye'})",apple of eye
577,"frozenset({'upset', 'applecart'})",upset the applecart
578,"frozenset({'seal', 'approval'})",seal of approval
579,"frozenset({'arms', 'up'})",up in arms
580,"frozenset({'as', 'and', 'when'})",as and when
581,frozenset({'ascendant'}),in the ascendant
582,"frozenset({'s', 'ale', 'adam'})",Adam's ale
583,"frozenset({'grind', 'axe'})",axe to grind
584,"frozenset({'airs', 'give'})",give airs
585,"frozenset({'up', 'ante'})",up the ante
586,"frozenset({'ass', 'make'})",make an ass
587,frozenset({'arm'}),arm in arm
588,"frozenset({'agenda', 'or', 'top', 'high'})",high or top on agenda
589,"frozenset({'avant', 'garde'})",avant-garde
590,"frozenset({'matter', 'as', 'fact'})",as a matter of fact
591,frozenset({'about'}),about to
592,"frozenset({'s', 'length', 'arm', 'keep'})",keep at arm's length
593,frozenset({'according'}),according to
594,frozenset({'account'}),account for
595,"frozenset({'after', 'all'})",after all
596,"frozenset({'law', 'long', 'arm'})",long arm of the law
597,"frozenset({'all', 'sudden'})",all of a sudden
598,frozenset({'as'}),as to
599,"frozenset({'as', 'far'})",as far as
600,"frozenset({'as', 'long'})",as long as
601,"frozenset({'as', 'soon'})",as soon as
602,"frozenset({'hoc', 'ad'})",ad hoc
603,"frozenset({'got', 'better'})",got the better of them
604,"frozenset({'amuck', 'run', 'amok'})",run amok (amuck)
605,"frozenset({'omega', 'alpha', 'and'})",alpha and omega
606,"frozenset({'back', 'mines', 'salt'})",back to the salt mines
607,"frozenset({'back', 'horse', 'wrong'})",back the wrong horse
608,frozenset({'heels'}),at the heels of
609,"frozenset({'ladder', 'bottom'})",at the bottom of the ladder
610,"frozenset({'s', 'length', 'arm'})",at an arm's length
611,"frozenset({'wheel', 'asleep'})",asleep at the wheel
612,"frozenset({'asleep', 'switch'})",asleep at the switch
613,"frozenset({'asked', 'moon'})",asked for the moon
614,"frozenset({'apples', 'and', 'oranges'})",apples and oranges
615,"frozenset({'air', 'dirty', 'laundry'})",air their dirty laundry
616,"frozenset({'ahead', 'pack'})",ahead of the pack
617,"frozenset({'shadow', 'afraid'})",afraid of my own shadow
618,"frozenset({'hunt', 'witch'})",a witch hunt
619,"frozenset({'and', 'all', 'sundry'})",all and sundry
620,"frozenset({'call', 'wakeup'})",a wakeup call
621,"frozenset({'loose', 'screw'})",a screw loose
622,"frozenset({'roof', 'head', 'over'})",a roof over your head
623,"frozenset({'days', 'wonder', 'nine'})",a nine days wonder
624,"frozenset({'litmus', 'test'})",a litmus test
625,"frozenset({'cuckoo', 'nest'})",a cuckoo in the nest
626,"frozenset({'tears', 'crocodile'})",crocodile tears
627,frozenset({'abc'}),ABC
628,"frozenset({'take', 'into', 'account'})",take into account
630,"frozenset({'out', 'action'})",out of action
631,"frozenset({'from', 'z'})",from A to Z
632,"frozenset({'aback', 'take'})",take aback
633,frozenset({'accord'}),own accord
634,"frozenset({'brewing', 'storm'})",a storm is brewing
635,"frozenset({'got', 'bottom'})",got to the bottom of
636,"frozenset({'bird', 'give'})",give them a bird
637,"frozenset({'off', 'gloves'})",gloves are off
638,"frozenset({'s', 'too', 'far', 'going'})",that's going too far
639,"frozenset({'problems', 'teething'})",teething problems
640,"frozenset({'out', 'tore', 'hair'})",tore your hair out
641,"frozenset({'off', 'strip', 'tearing'})",tearing a strip off
642,"frozenset({'taking', 'medicine'})",taking your medicine
643,"frozenset({'take', 'biscuit'})",take the biscuit
644,"frozenset({'took', 'cover'})",took cover
645,"frozenset({'tables', 'turned'})",tables are turned
646,"frozenset({'stop', 'rot'})",stop the rot
647,"frozenset({'stops', 'tracks', 'dead'})",stops dead in their tracks
648,"frozenset({'throat', 'stick'})",stick in his throat
649,"frozenset({'toes', 'step'})",step on his toes
650,"frozenset({'shoes', 'snake'})",snake in the shoes
651,"frozenset({'tree', 'apple', 'fall', 'from', 'not', 'does', 'far'})",the apple does not fall far from the tree
652,"frozenset({'feathers', 'ruffled', 'smooth'})",smooth his ruffled feathers
653,"frozenset({'shot', 'dark'})",shot in the dark
654,"frozenset({'leg', 'shake'})",shake a leg
655,"frozenset({'see', 'tunnel', 'light', 'end'})",see light at end of tunnel
656,"frozenset({'scratch', 'surface'})",scratch the surface
657,"frozenset({'neck', 'saved'})",saved his neck
658,"frozenset({'sail', 'through'})",sail through
659,"frozenset({'rub', 'shoulders'})",rub shoulders
660,"frozenset({'red', 'carpet'})",red carpet
661,"frozenset({'drop', 'ready'})",ready to drop
662,"frozenset({'attic', 'rats'})",rats in the attic
663,"frozenset({'into', 'heart', 'put'})",put his heart into
664,"frozenset({'block', 'head', 'put'})",put your head on the block
665,"frozenset({'with', 'plays', 'fire'})",plays with fire
666,"frozenset({'smooth', 'sailing'})",smooth sailing
667,"frozenset({'cake', 'same', 'pieces'})",pieces of the same cake
668,"frozenset({'no', 'one', 'lights', 'but', 'home'})",the lights are on but no one is home
669,"frozenset({'throw', 'wall', 'over'})",throw it over the wall
670,"frozenset({'what', 'get', 'pay'})",you get what you pay for
671,"frozenset({'t', 'without', 'eggs', 'breaking', 'can', 'make', 'omelette'})",you can't make an omelette without breaking eggs
672,"frozenset({'ear', 't', 'out', 'sow', 'silk', 'make', 'purse', 's', 'can'})",you can't make a silk purse out of a sow's ear
673,"frozenset({'have', 'cake', 't', 'eat', 'and', 'can'})",you can't have your cake and eat it
674,"frozenset({'have', 'cake', 't', 'and', 'can', 'too', 'topping'})","you can't have cake and the topping, too"
675,"frozenset({'water', 't', 'drink', 'make', 'horse', 'can', 'lead', 'but'})","you can lead a horse to water, but you can't make it drink"
676,"frozenset({'choose', 't', 'friends', 'can', 'family', 'but'})","you can choose your friends, but you can't choose your family"
677,"frozenset({'written', 'face', 'over', 'all'})",written all over face
678,"frozenset({'up', 'wrapped', 'wool', 'cotton'})",wrapped up in cotton wool
679,"frozenset({'wouldn', 'seen', 't', 'dead'})",wouldn't be seen dead
680,"frozenset({'wooden', 'spoon'})",wooden spoon
681,"frozenset({'clean', 'slate', 'wipe'})",wipe the slate clean
682,"frozenset({'never', 'will', 'fly'})",will never fly
683,"frozenset({'rises', 'and', 'sets', 'sun'})",the sun rises and sets on them
684,"frozenset({'dark', 'whistle'})",whistle in the dark
685,"frozenset({'floats', 'boat', 'whatever'})",whatever floats my boat
686,"frozenset({'s', 'wet', 'baby', 'head'})",wet the baby's head
687,"frozenset({'platter', 'want', 'head'})",want his head on a platter
688,"frozenset({'broken', 'walking', 'glass'})",walking on broken glass
689,"frozenset({'circling', 'vultures'})",vultures are circling
690,"frozenset({'voice', 'wilderness'})",voice in the wilderness
691,"frozenset({'velvet', 'glove'})",velvet glove
692,"frozenset({'neck', 'up'})",up to the neck
693,"frozenset({'paddle', 'river', 'up', 'without'})",up a river without a paddle
694,"frozenset({'nose', 'under'})",under your nose
695,"frozenset({'uncharted', 'waters'})",uncharted waters
696,"frozenset({'glasses', 'looked', 'colored', 'through'})",looked through colored glasses
697,"frozenset({'spot', 'tight'})",tight spot
698,"frozenset({'off', 'wheels', 'fall'})",wheels fall off
699,"frozenset({'as', 'well'})",as well as
700,"frozenset({'wounds', 'open', 'old'})",open old wounds
701,"frozenset({'s', 'pig', 'back'})",on the pig's back
702,"frozenset({'johnny', 'spot'})",johnny on the spot
703,"frozenset({'jobs', 'boys'})",jobs for the boys
704,"frozenset({'jam', 'tomorrow'})",jam tomorrow
705,"frozenset({'face', 'jam'})",jam on your face
706,"frozenset({'jack', 'lad'})",jack the lad
707,"frozenset({'s', 'rocket', 'science', 'not'})",it's not rocket science
708,frozenset({'doghouse'}),in the doghouse
709,"frozenset({'full', 'swing'})",in full swing
710,"frozenset({'t', 'out', 'get', 'if', 'heat', 'stand', 'can', 'kitchen'})","if you can't stand the heat, get out of the kitchen"
711,"frozenset({'fits', 'shoe', 'wear', 'if'})","if the shoe fits, wear it"
712,"frozenset({'hornets', 'nest'})",hornets' nest
713,"frozenset({'hold', 'water'})",hold water
714,"frozenset({'hold', 'horse'})",hold his horse
715,"frozenset({'comes', 'johnny', 'lately'})",Johnny comes lately
716,"frozenset({'s', 'hit', 'eye', 'bull'})",hit the bull's-eye
717,"frozenset({'have', 'bigger', 'eyes', 'than', 'stomach'})",have eyes bigger than stomach
718,"frozenset({'have', 'clean', 'hands'})",have clean hands
719,"frozenset({'have', 'ants', 'pants'})",have ants in your pants
720,"frozenset({'have', 'spot', 'soft'})",have a soft spot
721,"frozenset({'have', 'big', 'mouth'})",have a big mouth
722,"frozenset({'happy', 'camper'})",happy camper
723,"frozenset({'out', 'dry', 'hung'})",hung out to dry
724,"frozenset({'hammer', 'and', 'tongs'})",hammer and tongs
725,"frozenset({'had', 'chips'})",had your chips
726,"frozenset({'graveyard', 'shift'})",graveyard shift
727,"frozenset({'got', 'slap', 'wrist'})",got the slap on the wrist
728,"frozenset({'got', 'made'})",got it made
729,"frozenset({'went', 'mill', 'through'})",went through the mill
730,"frozenset({'heart', 'mouth'})",heart in his mouth
731,"frozenset({'knows', 'pinches', 'only', 'where', 'shoe', 'wearer'})",only the wearer knows where the shoe pinches
732,"frozenset({'club', 'joined'})",joined the club
733,"frozenset({'out', 'there', 'jungle'})",jungle out there
734,frozenset({'hook'}),on the hook
735,"frozenset({'edge', 'seat'})",on the edge of their seat
736,"frozenset({'legs', 'its', 'last'})",on its last legs
737,"frozenset({'knees', 'its'})",on its knees
738,"frozenset({'branch', 'olive'})",olive branch
739,"frozenset({'not', 'getting', 'anywhere'})",not getting anywhere
740,"frozenset({'brush', 'sweeps', 'new', 'clean'})",new brush sweeps clean
741,"frozenset({'never', 'back', 'looked'})",never looked back
742,"frozenset({'full', 'hands'})",my hands are full
743,"frozenset({'s', 'law', 'murphy'})",murphy's law
744,"frozenset({'heat', 'than', 'light', 'more'})",more heat than light
745,"frozenset({'makes', 'burn', 'ears'})",makes my ears burn
746,"frozenset({'hackles', 'makes', 'rise'})",makes his hackles rise
747,"frozenset({'and', 'judge', 'jury', 'executioner'})","judge, jury and executioner"
748,"frozenset({'break', 'or', 'make'})",make or break
749,"frozenset({'song', 'make', 'and', 'dance'})",make a song and dance
750,"frozenset({'throat', 'lump'})",lump in my throat
751,"frozenset({'marbles', 'lost'})",lost her marbles
752,"frozenset({'fishes', 'and', 'loaves'})",loaves and fishes
753,"frozenset({'wounds', 'lick'})",lick his wounds
754,"frozenset({'lips', 'lick'})",lick your lips
755,"frozenset({'let', 'down', 'hair'})",let your hair down
756,"frozenset({'last', 'resort'})",last resort
757,"frozenset({'wind', 'knowing', 'which', 'blows', 'way'})",knowing which way the wind blows
758,"frozenset({'kick', 'yourself'})",kick yourself
759,"frozenset({'boat', 'off', 'just'})",just off the boat
760,"frozenset({'just', 'corner', 'around'})",just around the corner
761,"frozenset({'s', 'jury', 'out'})",jury's out
762,"frozenset({'lie', 'bed', 'ones', 'and', 'make'})",make ones bed and lie on it
763,"frozenset({'arrive', 'body'})",arrive in a body
764,"frozenset({'blow', 'account'})",blow-by-blow account
765,frozenset({'ages'}),ages
766,frozenset({'core'}),to the core
767,"frozenset({'la', 'creme', 'de'})",creme de la creme
768,frozenset({'cash'}),cash in
769,"frozenset({'head', 'clouds'})",head in the clouds
770,"frozenset({'channels', 'through', 'go'})",go through channels
771,"frozenset({'choke', 'up'})",choke up
772,"frozenset({'pretty', 'pass', 'come'})",come to a pretty pass
773,frozenset({'cinch'}),a cinch
774,"frozenset({'out', 'carry'})",carry out
775,frozenset({'come'}),come on
776,"frozenset({'come', 'up'})",come up
777,"frozenset({'come', 'with', 'up'})",come up with
778,"frozenset({'follower', 'camp'})",camp follower
779,"frozenset({'and', 'dried', 'cut'})",cut and dried
780,"frozenset({'chapter', 'and', 'verse'})",chapter and verse
781,"frozenset({'not', 'give', 'damn'})",not give a damn
782,frozenset({'dark'}),in the dark
783,"frozenset({'death', 'scare', 'frighten', 'or'})",frighten or scare to death
784,"frozenset({'out', 'depth', 's', 'one'})",out of one's depth
785,"frozenset({'fingers', 'crossed'})",fingers crossed
786,"frozenset({'wouldn', 't', 'dream'})",wouldn't dream of
787,"frozenset({'drawn', 'daggers'})",at daggers drawn
788,"frozenset({'damp', 'squib'})",a damp squib
789,"frozenset({'tune', 'dance'})",dance to tune
790,"frozenset({'damper', 'put'})",put damper on
791,"frozenset({'day', 'call'})",call it a day
792,"frozenset({'day', 'win'})",win the day
793,"frozenset({'s', 'day', 'work', 'all'})",all in a day's work
794,"frozenset({'and', 'change', 'chop'})",chop and change
795,"frozenset({'day', 'reckoning'})",day of reckoning
796,"frozenset({'come', 'again'})",come again
797,"frozenset({'dagger', 'and', 'cloak'})",cloak and dagger
798,"frozenset({'curry', 'favour'})",curry favour
799,"frozenset({'both', 'ways', 'cut'})",cut both ways
800,"frozenset({'cuff', 'off'})",off the cuff
801,"frozenset({'down', 'cut'})",cut down
802,"frozenset({'according', 'coat', 'cut', 'cloth'})",cut coat according to cloth
803,"frozenset({'blanche', 'carte'})",carte blanche
804,"frozenset({'catch', 'napping'})",catch napping
805,frozenset({'cave'}),cave in
806,frozenset({'chime'}),chime in
807,"frozenset({'clay', 'feet'})",feet of clay
808,"frozenset({'coin', 'money'})",coin money
809,"frozenset({'pass', 'come'})",come to pass
810,"frozenset({'cool', 'heels'})",cool heels
811,frozenset({'clover'}),in a clover
812,frozenset({'cahoots'}),in the cahoots
813,"frozenset({'easy', 'come', 'go'})","easy come, easy go"
815,"frozenset({'thrust', 'and', 'cut'})",cut and thrust
816,"frozenset({'calm', 'before', 'storm'})",the calm before the storm
817,"frozenset({'bird', 'early'})",early bird
818,"frozenset({'queer', 'pitch'})",queer pitch
819,"frozenset({'quote', 'unquote'})","quote, unquote"
820,"frozenset({'vent', 'spleen'})",vent spleen
821,"frozenset({'versa', 'vice'})",vice versa
822,"frozenset({'x', 'spot', 'marks'})",x marks the spot
823,"frozenset({'out', 'will', 'find', 'sins'})",your sins will find you out
824,"frozenset({'classes', 'chattering'})",the chattering classes
825,"frozenset({'hearted', 'chicken'})",chicken hearted
826,"frozenset({'due', 'course'})",in due course
827,frozenset({'cue'}),on cue
829,"frozenset({'deliver', 'goods'})",deliver the goods
830,"frozenset({'s', 'uppers', 'one'})",on one's uppers
831,frozenset({'up'}),be up on
832,"frozenset({'s', 'man', 'yesterday'})",yesterday's man
833,"frozenset({'take', 'vain', 'name'})",take name in vain
834,"frozenset({'between', 'caught', 'stools', 'two'})",caught between two stools
835,"frozenset({'judge', 't', 'cover', 'its', 'book', 'can'})",can't judge a book by its cover
836,"frozenset({'backseat', 'driver'})",backseat driver
837,"frozenset({'flames', 'add', 'fuel'})",add fuel to the flames
838,"frozenset({'accidentally', 'purpose'})",accidentally on purpose
839,"frozenset({'business', 'monkey'})",monkey business
840,frozenset({'t'}),to a T
841,frozenset({'tandem'}),in tandem
842,"frozenset({'tall', 'poppy'})",tall poppy
843,"frozenset({'milk', 'cry', 'spilt', 'over'})",cry over spilt milk
844,"frozenset({'before', 't', 'don', 'count', 'chickens', 'hatch'})",don't count your chickens before they hatch
845,"frozenset({'job', 't', 'don', 'day', 'up', 'give'})",don't give up the day job
846,"frozenset({'measures', 'call', 'drastic', 'times'})",drastic times call for drastic measures
847,"frozenset({'one', 't', 'don', 'eggs', 'basket', 'all', 'put'})",don't put all your eggs in one basket
848,"frozenset({'hear', 'grapevine'})",hear on the grapevine
849,"frozenset({'from', 'cry', 'far'})",far cry from
850,"frozenset({'viper', 'bosom'})",viper in bosom
851,"frozenset({'virtue', 'necessity', 'make'})",make a virtue of necessity
852,"frozenset({'off', 'warn'})",warn off
853,"frozenset({'hands', 'wash'})",wash hands of
854,"frozenset({'tango', 'two', 'takes'})",takes two to tango
855,"frozenset({'act', 'balancing'})",balancing act
856,"frozenset({'kill', 'two', 'one', 'birds', 'with', 'stone'})",kill two birds with one stone
857,"frozenset({'rack', 'and', 'manger', 'live'})",live at rack and manger
858,"frozenset({'s', 'advocate', 'devil'})",devil's advocate
859,"frozenset({'deal', 'get', 'raw'})",get a raw deal
860,"frozenset({'uncle', 'tom', 'all', 'and', 'cobley'})",uncle Tom Cobley and all
861,"frozenset({'beyond', 'veil'})",beyond the veil
862,"frozenset({'devil', 'due', 'give'})",give the devil his due
863,"frozenset({'die', 'hard'})",die hard
864,"frozenset({'die', 'harness'})",die in harness
865,"frozenset({'die', 'cast'})",the die is cast
866,"frozenset({'public', 'dirty', 'wash', 'linen'})",wash dirty linen in public
867,frozenset({'doldrums'}),doldrums
868,"frozenset({'vu', 'deja'})",deja vu
869,"frozenset({'dead', 'end'})",dead end
870,frozenset({'dot'}),on the dot
871,"frozenset({'double', 'whammy'})",double whammy
872,"frozenset({'and', 'drabs', 'dribs'})",dribs and drabs
873,"frozenset({'dudgeon', 'high'})",in high dudgeon
874,"frozenset({'with', 'deals'})",deals with
875,"frozenset({'late', 'unpleasantness'})",late unpleasantness
876,"frozenset({'play', 'ear'})",play by ear
877,"frozenset({'off', 'take', 'edge'})",take the edge off
878,"frozenset({'up', 'liquor'})",liquor up
879,"frozenset({'cat', 'bell'})",bell the cat
880,"frozenset({'wheel', 'third', 'fifth', 'or'})",third wheel or fifth wheel
881,"frozenset({'s', 'hours', 'banker'})",banker's hours
882,"frozenset({'penny', 'thoughts'})",penny for your thoughts
883,"frozenset({'sliced', 'thing', 'since', 'best', 'bread'})",best thing since sliced bread
885,"frozenset({'save', 'breath'})",save your breath
886,"frozenset({'up', 'belly'})",belly up
887,"frozenset({'spin', 'yarn'})",spin a yarn
888,"frozenset({'years', 'vale'})",vale of years
889,"frozenset({'life', 'variety', 'spice'})",variety is the spice of life
890,"frozenset({'early', 'days'})",early days
891,"frozenset({'catch', 'up'})",catch up
892,"frozenset({'take', 'cudgels', 'up'})",take up the cudgels
893,"frozenset({'cup', 'tea'})",cup of tea
894,"frozenset({'dogs', 'and', 'raining', 'cats'})",raining cats and dogs
895,"frozenset({'belt', 'below'})",below the belt
896,"frozenset({'best', 'make'})",make the best of
897,"frozenset({'safe', 'bet'})",safe bet
898,frozenset({'better'}),the better of
899,"frozenset({'better', 'half'})",better half
900,"frozenset({'beyond', 'shadow', 'doubt'})",beyond a shadow of doubt
901,"frozenset({'bide', 'time'})",bide time
902,"frozenset({'bill', 'fill'})",fill the bill
903,"frozenset({'bill', 'foot'})",foot the bill
904,"frozenset({'bird', 'hand'})",a bird in the hand
905,"frozenset({'bits', 'and', 'pieces'})",bits and pieces
906,"frozenset({'hand', 'feed', 'bite'})",bite the hand that feed
907,"frozenset({'bed', 'roses'})",a bed of roses
908,"frozenset({'off', 'more', 'chew', 'bite', 'than', 'can'})",bite off more than can chew
909,"frozenset({'think', 'outside', 'box'})",think outside the box
910,"frozenset({'butter', 'and', 'bread'})",bread and butter
911,"frozenset({'brunt', 'bear'})",bear the brunt of
912,"frozenset({'bridges', 'burn'})",burn bridges
913,"frozenset({'bull', 'china', 'shop'})",bull in a china shop
914,"frozenset({'burner', 'back'})",on the back burner
915,"frozenset({'as', 'busy', 'bee'})",as busy as a bee
916,"frozenset({'turn', 'back'})",turn back on
917,"frozenset({'butterflies', 'stomach'})",butterflies in stomach
918,"frozenset({'bird', 'passage'})",bird of passage
919,"frozenset({'blue', 'blood'})",blue blood
920,"frozenset({'bona', 'fide'})",bona fide
921,"frozenset({'yesterday', 'born'})",born yesterday
922,"frozenset({'draw', 'blank'})",draw a blank
923,frozenset({'bottom'}),at bottom
924,"frozenset({'baying', 'blood'})",baying for blood
925,"frozenset({'bated', 'breath'})",bated breath
926,"frozenset({'up', 'all'})",all up
927,"frozenset({'as', 'aside'})",as an aside
928,"frozenset({'as', 'broad', 'long'})",as broad as long
929,"frozenset({'back', 'see'})",to see the back of
930,"frozenset({'bad', 'way'})",in a bad way
931,"frozenset({'rolling', 'ball'})",the ball rolling
932,"frozenset({'bed', 'out', 'get', 'side', 'wrong'})",get out of bed on the wrong side
933,"frozenset({'benefit', 'doubt'})",the benefit of the doubt
934,"frozenset({'hell', 'give'})",give hell
935,"frozenset({'board', 'above'})",above board
936,"frozenset({'boat', 'push', 'out'})",push the boat out
937,"frozenset({'bone', 'contention'})",bone of contention
939,"frozenset({'baton', 'pass'})",pass on the baton
940,"frozenset({'get', 'bottom'})",get to the bottom
941,"frozenset({'cross', 'bridge'})",cross the bridge
942,frozenset({'brink'}),on the brink of
943,"frozenset({'door', 'back'})",back door
944,"frozenset({'take', 'back', 'seat'})",take a back seat
945,"frozenset({'bag', 'and', 'baggage'})",bag and baggage
946,"frozenset({'nerves', 'bag', 'bundle', 'or'})",a bag or bundle of nerves
947,"frozenset({'have', 'ball'})",have a ball
948,frozenset({'bang'}),bang on
949,"frozenset({'bang', 'with', 'go'})",go with a bang
950,"frozenset({'tree', 'wrong', 'up', 'bark'})",bark up the wrong tree
951,"frozenset({'back', 'basics'})",back to basics
952,frozenset({'bay'}),at bay
953,"frozenset({'beat', 'retreat', 'hasty'})",beat a hasty retreat
954,"frozenset({'back', 'square', 'one'})",back to square one
955,"frozenset({'crystal', 'clear'})",crystal clear
956,"frozenset({'hide', 'bushel', 'light', 'under'})",hide light under a bushel
957,"frozenset({'bad', 'mouth'})",bad-mouth
958,"frozenset({'circle', 'come', 'full'})",come full circle
959,"frozenset({'hobson', 's', 'choice'})",Hobson's choice
960,"frozenset({'clean', 'slate'})",clean slate
961,"frozenset({'cold', 'comfort'})",cold comfort
962,"frozenset({'clock', 'back', 'put'})",put the clock back
963,"frozenset({'sweep', 'clean'})",clean sweep
964,"frozenset({'clear', 'decks'})",clear the decks
965,"frozenset({'book', 'closed'})",closed book
966,"frozenset({'out', 'closet'})",out of the closet
968,"frozenset({'phrase', 'coin'})",coin a phrase
969,"frozenset({'catch', 'cold'})",catch a cold
970,"frozenset({'cold', 'pour', 'water'})",pour cold water on
971,"frozenset({'circles', 'round', 'go'})",go round in circles
972,"frozenset({'course', 'collision'})",be on a collision course
973,"frozenset({'conspiracy', 'silence'})",conspiracy of silence
974,"frozenset({'cold', 'feet'})",cold feet
975,"frozenset({'s', 'heart', 'content'})",to heart's content
976,"frozenset({'as', 'cool', 'cucumber'})",cool as cucumber
977,"frozenset({'power', 'corridors'})",the corridors of power
978,"frozenset({'wrap', 'wool', 'cotton'})",wrap in cotton wool
979,"frozenset({'count', 'chicken'})",count chicken
980,"frozenset({'cover', 'blow'})",blow cover
981,"frozenset({'get', 'cracking'})",get cracking
983,"frozenset({'glory', 'crowning'})",crowning glory
984,"frozenset({'comes', 'crunch'})",comes to the crunch
985,"frozenset({'full', 'cry'})",full cry
986,"frozenset({'colors', 'true', 'show'})",show true colors
987,"frozenset({'business', 'mean'})",mean business
988,"frozenset({'down', 'chips', 'when'})",when the chips are down
989,"frozenset({'cheers', 'three'})",three cheers for
990,"frozenset({'stab', 'back'})",stab in the back
991,"frozenset({'take', 'beating'})",take a beating
992,"frozenset({'laugh', 'belly'})",belly laugh
993,"frozenset({'big', 'make'})",make it big
994,"frozenset({'bitter', 'medicine'})",bitter medicine
995,"frozenset({'after', 'blood'})",after blood
996,"frozenset({'bonnet', 'bee'})",bee in bonnet
997,"frozenset({'collar', 'blue'})",blue-collar
998,"frozenset({'book', 'go'})",go by the book
999,"frozenset({'buzz', 'word'})",buzz word
1000,"frozenset({'better', 'off'})",better off
1001,"frozenset({'break', 'down'})",break down
1002,frozenset({'way'}),by the way
1003,"frozenset({'armour', 'chink'})",chink in armour
1004,"frozenset({'between', 'and', 'betwixt'})",betwixt and between
1005,frozenset({'black'}),in the black
1006,"frozenset({'differ', 'beg'})",beg to differ
1007,"frozenset({'burst', 'seams'})",burst at the seams
1009,frozenset({'case'}),on the case
1010,"frozenset({'dawn', 'crack'})",crack of dawn
1011,"frozenset({'like', 'cakes', 'hot', 'sell'})",sell like hot cakes
1012,frozenset({'can'}),in the can
1013,"frozenset({'card', 'up', 'sleeve'})",card up sleeve
1015,"frozenset({'catch', '22'})",catch-22
1016,"frozenset({'change', 'heart'})",change of heart
1017,"frozenset({'throw', 'winds', 'caution'})",throw caution to the winds
1018,"frozenset({'close', 'books'})",close the books
1019,"frozenset({'reap', 'what', 'sow'})",you reap what you sow
1020,"frozenset({'set', 'off'})",set off
1021,"frozenset({'chill', 'pill'})",chill pill
1022,frozenset({'dock'}),in the dock
1023,"frozenset({'cold', 'day', 'light'})",in the cold light of day
1025,"frozenset({'best', 'health'})",in the best of health
1027,"frozenset({'only', 'name'})",in name only
1028,frozenset({'limbo'}),in limbo
1030,"frozenset({'with', 'cahoots'})",in cahoots with
1031,"frozenset({'shape', 'bad'})",in bad shape
1035,"frozenset({'gotten', 'gains', 'ill'})",ill-gotten gains
1040,frozenset({'hop'}),hop in
1041,"frozenset({'truth', 'home'})",home truth
1043,"frozenset({'second', 'hold'})",hold on a second
1044,"frozenset({'hocus', 'pocus'})",hocus pocus
1049,"frozenset({'eyes', 'law'})",in the eyes of the law
1050,"frozenset({'family', 'way'})",in the family way
1052,"frozenset({'nick', 'time'})",in the nick of time
1053,"frozenset({'keep', 'work', 'up', 'good'})",keep up the good work
1054,"frozenset({'keep', 'tabs'})",keep tabs on
1055,"frozenset({'keep', 'touch'})",keep in touch
1057,"frozenset({'keep', 'bay'})",keep at bay
1059,"frozenset({'keep', 'above', 'head', 'water'})",keep [pron] head above water
1060,"frozenset({'eyes', 'keep', 'peeled'})",keep [pron] eyes peeled
1062,"frozenset({'keep', 'eye', 'open'})",keep [pron] eye open
1063,"frozenset({'keep', 'cool'})",keep [pron] cool
1066,"frozenset({'hit', 'ceiling'})",hit [pron] ceiling
1070,"frozenset({'jump', 'deep', 'end'})",jump in at [pron] deep end
1072,"frozenset({'club', 'join'})",join [pron] club
1074,"frozenset({'itchy', 'feet'})",itchy feet
1075,"frozenset({'inside', 'job'})",inside job
1076,frozenset({'zone'}),in the zone
1077,frozenset({'wake'}),in the wake of
1078,"frozenset({'boat', 'same'})",in the same boat
1082,"frozenset({'season', 'high'})",high season
1083,"frozenset({'mighty', 'and', 'high'})",high and mighty
1084,"frozenset({'bent', 'hell'})",hell bent
1085,"frozenset({'life', 'give', 'kiss'})",give [pron] kiss of life
1086,"frozenset({'hand', 'give'})",give [pron] [pron] hand
1087,"frozenset({'cold', 'shoulder', 'give'})",give [pron] [pron] cold shoulder
1088,"frozenset({'get', 'point'})",get to [pron] point
1089,"frozenset({'get', 'religion'})",get religion
1091,"frozenset({'out', 'hand', 'get'})",get out of hand
1092,"frozenset({'board', 'get'})",get on board
1094,"frozenset({'get', 'hair'})",get in [pron] hair
1095,"frozenset({'get', 'life'})",get a life
1096,"frozenset({'get', 'sack'})",get [pron] sack
1099,"frozenset({'bender', 'gender'})",gender bender
1100,"frozenset({'gain', 'ground'})",gain ground
1101,"frozenset({'fruit', 'forbidden'})",forbidden fruit
1102,"frozenset({'nor', 'love', 'money'})",for love nor money
1103,frozenset({'song'}),for a song
1106,"frozenset({'and', 'jetsam', 'flotsam'})",flotsam and jetsam
1109,"frozenset({'market', 'flea'})",flea market
1111,"frozenset({'come', 'first', 'served'})",first come first served
1112,"frozenset({'equals', 'first', 'among'})",first among equals
1113,"frozenset({'gas', 'up'})",gas up
1114,"frozenset({'fingers', 'keeping', 'crossed'})",keeping [pron] fingers crossed
1116,"frozenset({'board', 'back', 'drawing', 'go'})",go back to [pron] drawing board
1117,"frozenset({'heart', 'gold'})",heart of gold
1120,"frozenset({'friends', 'have', 'places', 'high'})",have friends in high places
1122,"frozenset({'have', 'big', 'ears'})",have big ears
1123,"frozenset({'have', 'time', 'whale'})",have [pron] whale of [pron] time
1124,"frozenset({'have', 'guts'})",have [pron] guts
1125,"frozenset({'have', 'blast'})",have [pron] blast
1128,"frozenset({'and', 'hale', 'hearty'})",hale and hearty
1131,"frozenset({'cheshire', 'cat', 'grin', 'like'})",grin like [pron] cheshire cat
1132,"frozenset({'with', 'envy', 'green'})",green with envy
1133,"frozenset({'light', 'green'})",green light
1136,"frozenset({'age', 'golden'})",golden age
1137,"frozenset({'knows', 'god'})",god knows
1138,"frozenset({'forbid', 'god'})",god forbid
1143,"frozenset({'dutch', 'go'})",go dutch
1145,"frozenset({'pastures', 'greener'})",greener pastures
1149,"frozenset({'once', 'blue', 'moon'})",once in a blue moon
1150,"frozenset({'thin', 'ice'})",on thin ice
1151,frozenset({'wagon'}),on the wagon
1152,frozenset({'table'}),on the table
1153,"frozenset({'wavelength', 'same'})",on the same wavelength
1155,frozenset({'run'}),on the run
1157,frozenset({'record'}),on the record
1158,"frozenset({'dilemma', 'horns'})",on the horns of a dilemma
1159,frozenset({'fence'}),on the fence
1160,frozenset({'shoestring'}),on a shoestring
1162,"frozenset({'open', 'warfare'})",open warfare
1163,"frozenset({'chestnut', 'old'})",old chestnut
1165,"frozenset({'track', 'off', 'beaten'})",off the beaten track
1166,"frozenset({'ends', 'odds', 'and'})",odds and ends
1167,"frozenset({'nuts', 'and', 'bolts'})",nuts and bolts
1168,"frozenset({'nurse', 'health', 'back'})",nurse [pron] back to health
1169,"frozenset({'never', 'or', 'now'})",now or never
1170,"frozenset({'and', 'now', 'then'})",now and then
1171,"frozenset({'not', 'million', 'years'})",not in a million years
1172,"frozenset({'not', 'minute'})",not for a minute
1173,"frozenset({'not', 'bat', 'eyelid'})",not bat [pron] eyelid
1175,"frozenset({'and', 'south', 'north'})",north and south
1176,"frozenset({'attached', 'no', 'strings'})",no strings attached
1179,"frozenset({'out', 'sight'})",out of sight
1180,"frozenset({'out', 'world'})",out of this world
1181,"frozenset({'play', 'safe'})",play safe
1182,"frozenset({'s', 'play', 'advocate', 'devil'})",play devil's advocate
1184,"frozenset({'play', 'ball'})",play ball
1185,"frozenset({'away', 'play', 'from', 'home'})",play away from home
1186,"frozenset({'joke', 'play'})",play [pron] joke
1187,"frozenset({'play', 'field'})",play [pron] field
1191,"frozenset({'might', 'pigs', 'fly'})",pigs might fly
1192,"frozenset({'out', 'pig'})",pig out
1196,"frozenset({'pick', 'tab', 'up'})",pick up [pron] tab
1197,"frozenset({'pitch', 'perfect'})",perfect pitch
1198,"frozenset({'per', 'se'})",per se
1199,"frozenset({'out', 'peg'})",peg out
1200,"frozenset({'tom', 'peeping'})",peeping tom
1201,"frozenset({'pay', 'dues'})",pay [pron] dues
1203,"frozenset({'party', 'animal'})",party animal
1207,"frozenset({'hill', 'over'})",over the hill
1209,"frozenset({'health', 'picture'})",picture of health
1210,"frozenset({'imagination', 'fire'})",fire [pron] imagination
1211,"frozenset({'no', 'rush'})",no rush
1212,"frozenset({'five', 'nine'})",nine to five
1213,"frozenset({'touch', 'magic'})",magic touch
1214,"frozenset({'made', 'money'})",made of money
1219,"frozenset({'lose', 'shirt'})",lose [pron] shirt
1223,"frozenset({'and', 'learn', 'live'})",live and learn
1224,"frozenset({'curtain', 'lift'})",lift [pron] curtain
1226,"frozenset({'magic', 'wand'})",magic wand
1228,"frozenset({'let', 'off', 'hook'})",let [pron] off [pron] hook
1231,"frozenset({'leave', 'nest'})",leave [pron] nest
1232,"frozenset({'heart', 'learn'})",learn by heart
1233,"frozenset({'law', 'down', 'lay'})",lay down [pron] law
1234,"frozenset({'law', 'jungle'})",law of [pron] jungle
1235,"frozenset({'laugh', 'up', 'sleeve'})",laugh up [pron] sleeve
1238,"frozenset({'lame', 'duck'})",lame duck
1242,"frozenset({'gritty', 'nitty'})",nitty gritty
1243,"frozenset({'mouth', 'water', 'make'})",make [pron] mouth water
1244,"frozenset({'shines', 'hay', 'while', 'make', 'sun'})",make hay while the sun shines
1245,"frozenset({'out', 'ten', 'times', 'nine'})",nine times out of ten
1247,"frozenset({'next', 'nothing'})",next to nothing
1248,"frozenset({'block', 'new', 'kid'})",new kid on [pron] block
1249,"frozenset({'new', 'arrival'})",new arrival
1250,"frozenset({'never', 'land'})",never-never land
1253,"frozenset({'neither', 'fish', 'fowl', 'nor'})",neither fish nor fowl
1254,"frozenset({'day', 'name'})",name [pron] day
1255,frozenset({'nail'}),nail it
1258,"frozenset({'scene', 'make'})",make [pron] scene
1259,"frozenset({'talks', 'money'})",money talks
1261,"frozenset({'middle', 'road'})",middle of the road
1262,"frozenset({'men', 'suits'})",men in suits
1263,"frozenset({'meet', 'waterloo'})",meet [pron] waterloo
1264,"frozenset({'culpa', 'mea'})",mea culpa
1265,"frozenset({'happy', 'many', 'returns'})",many happy returns
1266,"frozenset({'man', 'means'})",man of means
1267,"frozenset({'man', 'street'})",man in the street
1268,"frozenset({'man', 'blue'})",man in blue
1269,"frozenset({'make', 'home', 'yourself'})",make yourself at home
1270,"frozenset({'waves', 'make'})",make waves
1271,"frozenset({'mind', 'up', 'make'})",make up [pron] mind
1273,"frozenset({'rope', 'money', 'old'})",money for old rope
1274,"frozenset({'justice', 'poetic'})",poetic justice
1276,"frozenset({'shoes', 'fill'})",fill [pron] shoes
1278,frozenset({'beats'}),beats me
1279,"frozenset({'beat', 'retreat'})",beat [pron] retreat
1280,"frozenset({'beat', 'clock'})",beat [pron] clock
1282,"frozenset({'beach', 'bum'})",beach bum
1284,"frozenset({'tired', 'and', 'sick'})",be sick and tired of
1290,"frozenset({'dead', 'world'})",be dead to [pron] world
1291,frozenset({'sport'}),be a sport
1294,"frozenset({'baptism', 'fire'})",baptism of fire
1295,frozenset({'bank'}),bank on
1297,"frozenset({'bag', 'tricks'})",bag of tricks
1298,"frozenset({'bag', 'bones'})",bag of bones
1299,"frozenset({'bag', 'lady'})",bag lady
1303,"frozenset({'back', 'feet'})",back on [pron] feet
1304,"frozenset({'behave', 'yourself'})",behave yourself
1305,"frozenset({'behind', 'back'})",behind [pron] back
1308,"frozenset({'and', 'glass', 'bottle'})",bottle and glass
1309,"frozenset({'from', 'blue', 'bolt'})",bolt from the blue
1311,"frozenset({'blow', 'fuse'})",blow [pron] fuse
1318,"frozenset({'bite', 'lip'})",bite [pron] lip
1321,frozenset({'wheel'}),at the wheel
1322,"frozenset({'big', 'wheel'})",big wheel
1325,"frozenset({'big', 'bucks'})",big bucks
1326,"frozenset({'words', 'beyond'})",beyond words
1327,"frozenset({'price', 'beyond'})",beyond price
1328,"frozenset({'dreams', 'beyond', 'wildest'})",beyond [pron] wildest dreams
1329,"frozenset({'between', 'life', 'death', 'and'})",between life and death
1331,"frozenset({'dollar', 'bottom', 'bet'})",bet [pron] bottom dollar
1333,"frozenset({'law', 'bend'})",bend [pron] law
1334,"frozenset({'below', 'salt'})",below the salt
1336,"frozenset({'big', 'head'})",big head
1340,"frozenset({'law', 'above'})",above the law
1341,"frozenset({'above', 'suspicion'})",above suspicion
1342,"frozenset({'face', 'about'})",about face
1345,frozenset({'steal'}),a steal
1346,"frozenset({'sight', 'sorry'})",a sorry sight
1349,"frozenset({'shot', 'arm'})",a shot in the arm
1351,"frozenset({'pair', 'hands', 'safe'})",a safe pair of hands
1352,"frozenset({'red', 'flag'})",a red flag
1354,"frozenset({'life', 'lease', 'new'})",a new lease of life
1356,"frozenset({'wall', 'fly'})",a fly on the wall
1360,"frozenset({'bill', 'clean', 'health'})",a clean bill of health
1361,"frozenset({'air', 'fresh', 'breath'})",a breath of fresh air
1362,"frozenset({'disguise', 'blessing'})",a blessing in disguise
1363,"frozenset({'law', 'word'})",[pron] word is law
1364,"frozenset({'place', 'sun'})",[pron] place in [pron] sun
1365,"frozenset({'man', 'words', 'few'})",[pron] man of few words
1367,"frozenset({'life', 'saver'})",[pron] life-saver
1368,"frozenset({'load', 'cobblers'})",a load of cobblers
1369,"frozenset({'tacks', 'brass'})",brass tacks
1373,"frozenset({'mouse', 'poor', 'church', 'as'})",as poor as a church mouse
1374,"frozenset({'as', 'kite', 'high'})",as high as a kite
1377,frozenset({'eye'}),an eye for an eye
1379,"frozenset({'act', 'war'})",an act of war
1380,"frozenset({'soup', 'alphabet'})",alphabet soup
1381,"frozenset({'along', 'lines'})",along the lines
1383,"frozenset({'cat', 'alley'})",alley cat
1384,"frozenset({'together', 'now', 'all'})",all together now
1385,"frozenset({'thumbs', 'all'})",all thumbs
1386,"frozenset({'all', 'way'})",all the way
1387,"frozenset({'all', 'more'})",all the more
1388,"frozenset({'all', 'jazz'})",all that jazz
1391,"frozenset({'al', 'fresco'})",al fresco
1392,"frozenset({'ahead', 'time'})",ahead of [pron] time
1393,"frozenset({'time', 'against'})",against time
1396,"frozenset({'fuel', 'add', 'fire'})",add fuel to [pron] fire
1399,"frozenset({'act', 'age'})",act [pron] age
1400,"frozenset({'aching', 'heart'})",aching heart
1404,"frozenset({'draw', 'horns'})",draw in [pron] horns
1405,"frozenset({'draw', 'fire'})",draw fire
1406,"frozenset({'draw', 'straw', 'shortest'})",draw [pron] shortest straw
1407,"frozenset({'drag', 'feet'})",drag [pron] feet
1409,"frozenset({'death', 'done'})",done to death
1412,"frozenset({'work', 'dirty'})",dirty work
1413,"frozenset({'work', 'dirty', 'do'})",do [pron] dirty work
1414,"frozenset({'death', 'dice', 'with'})",dice with death
1415,"frozenset({'dead', 'wood'})",dead wood
1416,"frozenset({'serious', 'dead'})",dead serious
1419,"frozenset({'meat', 'dead'})",dead meat
1420,"frozenset({'loss', 'dead'})",dead loss
1422,"frozenset({'date', 'rape'})",date rape
1424,"frozenset({'daily', 'grind'})",daily grind
1429,"frozenset({'losses', 'cut'})",cut [pron] losses
1430,"frozenset({'curl', 'lip'})",curl [pron] lip
1432,"frozenset({'right', 'dead'})",dead right
1434,"frozenset({'ticket', 'dream'})",dream ticket
1437,"frozenset({'fight', 'with', 'fire'})",fight fire with fire
1438,"frozenset({'fight', 'good'})",fight [pron] good fight
1439,"frozenset({'feel', 'age'})",feel [pron] age
1440,"frozenset({'frenzy', 'feeding'})",feeding frenzy
1441,"frozenset({'father', 'figure'})",father figure
1445,"frozenset({'dressed', 'nines', 'up'})",dressed up to the nines
1446,"frozenset({'enough', 'fair'})",fair enough
1449,"frozenset({'cleansing', 'ethnic'})",ethnic cleansing
1450,"frozenset({'hard', 'drive', 'bargain'})",drive [pron] hard bargain
1452,"frozenset({'drop', 'ball'})",drop [pron] ball
1454,"frozenset({'drop', 'subject'})",drop [pron] subject
1457,"frozenset({'easy', 'ear'})",easy on the ear
1459,"frozenset({'prey', 'fall'})",fall prey to
1460,"frozenset({'out', 'love', 'fall'})",fall out of love
1463,"frozenset({'grease', 'elbow'})",elbow grease
1464,"frozenset({'easy', 'eye'})",easy on the eye
1466,"frozenset({'cross', 'fingers'})",cross [pron] fingers
1468,"frozenset({'ball', 'carry'})",carry [pron] ball
1470,"frozenset({'carpe', 'diem'})",carpe diem
1471,"frozenset({'canteen', 'culture'})",canteen culture
1472,"frozenset({'tune', 'call'})",call [pron] tune
1476,"frozenset({'calendar', 'year'})",calendar year
1477,frozenset({'numbers'}),by the numbers
1478,"frozenset({'large', 'and'})",by and large
1480,"frozenset({'business', 'as', 'usual'})",business as usual
1481,"frozenset({'cash', 'cow'})",cash cow
1488,"frozenset({'knees', 'bring'})",bring to knees
1489,"frozenset({'table', 'bring'})",bring to [pron] table
1491,"frozenset({'curtain', 'down', 'bring'})",bring [pron] curtain down
1492,"frozenset({'button', 'as', 'bright'})",bright as a button
1493,"frozenset({'mortar', 'bricks', 'and'})",bricks and mortar
1494,"frozenset({'breathe', 'last'})",breathe [pron] last
1495,"frozenset({'break', 'up'})",break up
1496,"frozenset({'ends', 'burn', 'both', 'candles'})",burn candles at both ends
1497,"frozenset({'crop', 'cream'})",cream of the crop
1501,"frozenset({'man', 'company'})",company man
1503,"frozenset({'come', 'fire', 'under'})",come under fire
1504,"frozenset({'true', 'come'})",come true
1505,"frozenset({'come', 'with', 'terms'})",come to terms with
1506,"frozenset({'fruition', 'come'})",come to fruition
1509,"frozenset({'come', 'attention'})",come to [pron] attention
1510,"frozenset({'shine', 'come', 'or', 'rain'})",come rain or shine
1511,"frozenset({'out', 'come', 'woodwork'})",come out of [pron] woodwork
1512,"frozenset({'out', 'come', 'closet'})",come out of [pron] closet
1513,"frozenset({'cat', 'burglar'})",cat burglar
1515,"frozenset({'from', 'behind', 'come'})",come from behind
1518,"frozenset({'home', 'close'})",close to home
1520,"frozenset({'out', 'clock'})",clock out
1521,"frozenset({'out', 'chicken'})",chicken out
1522,"frozenset({'feed', 'chicken'})",chicken feed
1524,"frozenset({'chew', 'cud'})",chew [pron] cud
1525,"frozenset({'cheek', 'jowl'})",cheek by jowl
1529,"frozenset({'poetry', 'motion'})",poetry in motion
1530,"frozenset({'poison', 'pill'})",poison pill
1532,frozenset({'wane'}),wane
1533,"frozenset({'s', 'nest', 'feather', 'one'})",feather one's (own) nest
1534,"frozenset({'fake', 'till', 'make'})",fake it till you make it
1535,"frozenset({'big', 'gun'})",big gun
1536,"frozenset({'shoot', 'breeze'})",shoot the breeze
1537,"frozenset({'mouth', 'word'})",word of mouth
1538,"frozenset({'fast', 'lightning'})",lightning fast
1539,"frozenset({'barrel', 'scrape', 'bottom'})",scrape the bottom of the barrel
1540,"frozenset({'compliment', 'backhanded'})",backhanded compliment
1542,"frozenset({'spoon', 'silver'})",silver spoon
1543,"frozenset({'order', 'tall'})",a tall order
1544,"frozenset({'blind', 'spot'})",blind spot
1545,"frozenset({'happy', 'life', 'wife'})",happy wife happy life
1546,"frozenset({'cons', 'and', 'pros'})",pros and cons
1547,frozenset({'helm'}),at the helm
1548,"frozenset({'behind', 'brains'})",the brains behind
1549,"frozenset({'s', 'surgery', 'brain', 'not'})",it's not brain surgery
1550,"frozenset({'s', 'wet', 'feet', 'one', 'get'})",get one's feet wet
1551,"frozenset({'break', 'news'})",break the news
1552,frozenset({'and'}),by and by
1553,"frozenset({'tasted', 'blood'})",tasted blood
1554,"frozenset({'door', 'show'})",show the door
1555,"frozenset({'out', 'get', 'dodge'})",get out of dodge
1556,"frozenset({'s', 'neck', 'yoke', 'one', 'around'})",yoke around one's neck
1557,"frozenset({'while', 'rome', 'burns', 'fiddle'})",fiddle while Rome burns
1558,"frozenset({'know', 's', 'buttered', 'one', 'which', 'side', 'bread'})",know which side one's bread is buttered
1559,"frozenset({'dressed', 'nightmare', 'daydream', 'like'})",nightmare dressed like a daydream
1560,"frozenset({'blind', 'impulse'})",blind impulse
1561,"frozenset({'wave', 'ride'})",ride (on) a wave
1562,"frozenset({'top', 'world'})",on top of the world
1563,"frozenset({'know', 'buttered', 'which', 'side', 'bread'})",know on which side bread is buttered
1564,"frozenset({'will', 'let', 'loose', 'hell', 'all'})",all hell will let loose
1565,"frozenset({'cat', 'among', 'pigeons'})",cat among the pigeons
1566,"frozenset({'burst', 'bubble'})",burst the bubble
1567,frozenset({'lone'}),lone it
1568,"frozenset({'thumb', 'green'})",green thumb
1569,"frozenset({'hook', 'or', 'crook'})",by hook or by crook
1570,"frozenset({'big', 'mouth'})",big mouth
1571,"frozenset({'sweep', 'rug', 'under'})",sweep under the rug
1572,"frozenset({'and', 'bounds', 'leaps'})",leaps and bounds
1574,"frozenset({'chest', 'keep', 'card', 'close'})",keep card close to chest
1575,"frozenset({'table', 'cards', 'put'})",put cards on the table
1576,"frozenset({'ends', 'burn', 'both', 'candle'})",burn the candle at both ends
1577,"frozenset({'s', 'bull', 'eye'})",bull's eye
1578,frozenset({'board'}),on board
1579,"frozenset({'wind', 'second'})",second wind
1580,"frozenset({'rip', 'off'})",rip off
1581,"frozenset({'happy', 'lucky', 'go'})",happy go lucky
1582,"frozenset({'rubber', 'where', 'meets', 'road'})",where the rubber meets the road
1583,"frozenset({'mint', 'condition'})",in mint condition
1584,"frozenset({'across', 'run'})",run across
1585,"frozenset({'take', 'cake'})",take the cake
1586,"frozenset({'down', 'buckle'})",buckle down
1587,"frozenset({'stand', 'chance'})",stand a chance
1588,"frozenset({'cross', 'purposes'})",at cross purposes
1589,frozenset({'cards'}),on the cards
1590,"frozenset({'points', 'brownie'})",brownie points
1591,"frozenset({'s', 'life', 'dog'})",dog's life
1592,"frozenset({'paul', 'rob', 'pay', 'peter'})",rob Peter to pay Paul
1593,"frozenset({'monde', 'beau'})",beau monde
1594,"frozenset({'bosom', 'friend'})",bosom friend
1595,"frozenset({'lights', 'but', 'nobody', 'home'})",lights are on but nobody is home
1596,"frozenset({'deep', 'sea', 'between', 'and', 'devil', 'blue'})",between the devil and the deep blue sea
1597,"frozenset({'cross', 'swords'})",cross swords
1598,"frozenset({'coin', 'side', 'other'})",the other side of the coin
1599,frozenset({'cakewalk'}),cakewalk
1600,"frozenset({'act', 'class'})",class act
1601,"frozenset({'s', 'child', 'play'})",child's play
1602,"frozenset({'s', 'cover', 'tracks', 'one'})",cover one's tracks
1603,"frozenset({'grid', 'off'})",off grid
1604,"frozenset({'up', 'all', 'way'})",all the way up
1605,"frozenset({'call', 'clarion'})",clarion call
1606,frozenset({'riddle'}),riddle me
1607,"frozenset({'cross', 'paths'})",cross paths
1608,"frozenset({'easy', 'money'})",easy money
1609,"frozenset({'eye', 'bat'})",bat an eye
1610,"frozenset({'from', 'grave', 'cradle'})",from cradle to grave
1612,"frozenset({'clean', 'breast', 'make'})",make a clean breast
1613,"frozenset({'come', 'grief'})",come to grief
1614,frozenset({'around'}),been around
1615,"frozenset({'s', 'keep', 'one', 'counsel'})",keep one's own counsel
1616,"frozenset({'have', 'designs'})",have designs on
1617,"frozenset({'quick', 'buck'})",a quick buck
1618,frozenset({'line'}),on the line
1619,"frozenset({'s', 'cracked', 'not', 'up', 'all'})",not all it's cracked up to be
1620,"frozenset({'s', 'one', 'blood'})",in one's blood
1621,"frozenset({'not', 'have', 'clue'})",not have a clue
1622,"frozenset({'check', 'blank'})",blank check
1623,"frozenset({'faint', 'heart'})",faint of heart
1624,"frozenset({'s', 'recharge', 'batteries', 'one'})",recharge one's batteries
1625,"frozenset({'hay', 'hit'})",hit the hay
1626,"frozenset({'as', 'busy', 'beaver'})",busy as a beaver
1627,"frozenset({'as', 'brass', 'bold'})",as bold as brass
1628,"frozenset({'between', 'and'})",between you and me
1629,"frozenset({'buy', 'time'})",buy time
1630,"frozenset({'check', 'rain'})",rain check
1631,"frozenset({'sand', 'bury', 'head'})",bury head in the sand
1632,"frozenset({'wide', 'berth'})",wide berth
1633,"frozenset({'button', 'hit', 'panic'})",hit the panic button
1634,"frozenset({'break', 'new', 'ground'})",break new ground
1635,"frozenset({'living', 'time', 'borrowed'})",living on borrowed time
1636,"frozenset({'someone', 'book', 'bring'})",bring someone to book
1637,"frozenset({'s', 'leaf', 'someone', 'out', 'take', 'book'})",take a leaf out of someone's book
1638,"frozenset({'and', 'body', 'soul'})",body and soul
1639,"frozenset({'sweat', 'and', 'tears', 'blood'})","blood, sweat, and tears"
1640,frozenset({'blink'}),on the blink
1641,"frozenset({'s', 'someone', 'blushes', 'spare'})",spare someone's blushes
1642,"frozenset({'feather', 'birds'})",birds of a feather
1643,"frozenset({'blast', 'from', 'past'})",blast from the past
1644,"frozenset({'s', 'do', 'bit', 'one'})",do one's bit
1645,frozenset({'dint'}),by dint of
1646,"frozenset({'as', 'pay', 'go'})",pay as you go
1647,"frozenset({'card', 'wild'})",wild card
1648,"frozenset({'off', 'block', 'chip', 'old'})",chip off the old block
1649,"frozenset({'s', 'life', 'light', 'one'})",light of one's life
1650,"frozenset({'roots', 'deep', 'run'})",roots run deep
1651,"frozenset({'red', 'book'})",red book
1652,"frozenset({'cause', 'common', 'make'})",make common cause
1653,"frozenset({'down', 'upside'})",upside down
1654,"frozenset({'red', 'zone'})",red zone
1655,"frozenset({'rock', 'boat'})",rock the boat
1656,"frozenset({'make', 'difference', 'all'})",make all the difference
1657,"frozenset({'auspices', 'under'})",under the auspices
1660,"frozenset({'school', 'old'})",old school
1661,frozenset({'light'}),in light of
1662,"frozenset({'keep', 'promise'})",keep promise
1663,"frozenset({'goose', 'egg'})",goose egg
1664,"frozenset({'turvy', 'topsy'})",topsy-turvy
1665,"frozenset({'gives', 'lemons', 'life', 'when'})",when life gives you lemons
1666,"frozenset({'problem', 'knotty'})",knotty problem
1667,"frozenset({'call', 'duty'})",call of duty
1668,"frozenset({'task', 'herculean'})",Herculean task
1669,"frozenset({'fight', 'tooth', 'and', 'nail'})",fight tooth and nail
1670,"frozenset({'turn', 'against'})",turn against
1671,"frozenset({'hard', 'nut', 'crack'})",a hard nut to crack
1672,"frozenset({'better', 'than', 'cure', 'prevention'})",prevention is better than cure
1673,"frozenset({'two', 'peas', 'pod'})",two peas in a pod
1674,"frozenset({'get', 'rid'})",get rid of
1675,"frozenset({'bang', 'buck'})",bang for the buck
1676,"frozenset({'turn', 'aside'})",turn aside
1678,"frozenset({'zone', 'buffer'})",buffer zone
1679,"frozenset({'up', 'end'})",end up
1680,"frozenset({'backroom', 'boys'})",backroom boy(s)
1681,"frozenset({'hill', 'king'})",king of the hill
1682,"frozenset({'uncle', 'dutch'})",Dutch uncle
1683,"frozenset({'further', 'without', 'ado'})",without further ado
1684,"frozenset({'apple', 'worm'})",worm in the apple
1685,"frozenset({'think', 'come', 'ofabout'})",come to think of/about it
1686,"frozenset({'and', 'span', 'spick'})",spick and span
1687,"frozenset({'lip', 'pay', 'service'})",pay lip service
1688,"frozenset({'not', 'believe', 'eyes'})",not believe eyes
1689,frozenset({'loop'}),in the loop
1690,"frozenset({'and', 'square', 'fair'})",fair and square
1691,"frozenset({'lean', 'towards'})",lean towards
1692,"frozenset({'air', 'walking'})",walking on air
1693,"frozenset({'mind', 'beeswax'})",mind your own beeswax
1694,"frozenset({'take', 'granted'})",take for granted
1695,frozenset({'chance'}),by chance
1696,frozenset({'apples'}),apples to apples
1697,"frozenset({'grain', 'against'})",against the grain
1698,"frozenset({'out', 'business'})",out of business
1699,"frozenset({'dozen', 'one', 'half', 'other', 'six'})","six of one, half a dozen of the other"
1700,"frozenset({'day', 'black'})",black day
1701,"frozenset({'spend', 'fortune'})",spend a fortune
1702,"frozenset({'as', 'result'})",as a result
1703,"frozenset({'out', 'rule'})",rule out
1704,"frozenset({'pipe', 'dream'})",pipe dream
1706,"frozenset({'out', 'molehill', 'mountain', 'make'})",make a mountain out of a molehill
1707,"frozenset({'away', 'miles'})",miles away
1708,"frozenset({'s', 'den', 'lion'})",the lion's den
1709,"frozenset({'grief', 'good'})",good grief
1710,"frozenset({'mind', 'business'})",mind your own business
1711,"frozenset({'get', 'stick', 'wrong', 'end'})",get the wrong end of the stick
1712,"frozenset({'black', 'friday'})",Black Friday
1713,"frozenset({'long', 'run'})",long run
1714,"frozenset({'wire', 'live'})",live wire
1715,"frozenset({'waters', 'troubled'})",troubled waters
1716,"frozenset({'heart', 'where', 'home'})",home is where the heart is
1717,"frozenset({'exactly', 'what', 'does', 'says', 'tin'})",does exactly what it says on the tin
1718,"frozenset({'ahead', 'curve'})",ahead of the curve
1719,"frozenset({'as', 'doornail', 'dead'})",dead as a doornail
1720,"frozenset({'break', 'back', 's', 'one'})",break one's back
1721,"frozenset({'halfway', 'house'})",halfway house
1722,"frozenset({'stand', 'ground'})",stand your ground
1723,"frozenset({'skeleton', 'closet'})",skeleton in the closet
1724,"frozenset({'boot', 'get', 'sack', 'axe'})","get the sack (boot, axe)"
1725,"frozenset({'leg', 'up'})",leg up
1726,"frozenset({'cold', 'shoulder'})",cold shoulder
1727,"frozenset({'handle', 'off', 'fly'})",fly off the handle
1728,"frozenset({'take', 'from', 'cue'})",take a cue from
1729,"frozenset({'black', 'book'})",black book
1731,"frozenset({'brain', 'drain'})",brain drain
1732,"frozenset({'mater', 'alma'})",alma mater
1733,"frozenset({'out', 'hand'})",out of hand
1734,"frozenset({'feel', 'blue'})",feel blue
1735,"frozenset({'picnic', 'no'})",no picnic
1736,"frozenset({'and', 'part', 'parcel'})",part and parcel
1737,"frozenset({'deep', 'end'})",in at the deep end
1738,"frozenset({'out', 'zonk'})",zonk out
1739,"frozenset({'teapot', 'tempest'})",tempest in a teapot
1740,"frozenset({'time', 'waiting'})",waiting time
1741,"frozenset({'foot', 'put'})",put your foot in it
1742,"frozenset({'bare', 'bones'})",bare bones
1743,"frozenset({'spark', 'bright'})",bright spark
1744,"frozenset({'hand', 'dab'})",dab hand
1745,"frozenset({'call', 'bluff'})",call bluff
1746,"frozenset({'sponger', 'off', 'sponge', 'sponging'})","sponger, sponging, sponge off"
1747,"frozenset({'cord', 'cut'})",cut the cord
1748,"frozenset({'buck', 'stops', 'here'})",the buck stops here
1749,"frozenset({'daylight', 'broad'})",in broad daylight
1750,"frozenset({'big', 'brother'})",big brother
1751,"frozenset({'too', 'comfort', 'close'})",too close for comfort
1752,"frozenset({'outside', 'lines'})",outside the lines
1753,"frozenset({'court', 'ball'})",the ball is in your court
1754,"frozenset({'time', 'everything', 'its', 'place', 'puts'})",time puts everything in its place
1755,"frozenset({'raise', 'bar'})",raise the bar
1756,"frozenset({'lower', 'bar'})",lower the bar
1757,"frozenset({'egg', 'good'})",good egg
1758,"frozenset({'brown', 'study'})",brown study
1759,frozenset({'shadowban'}),shadowban
1760,"frozenset({'tide', 'over'})",tide over
1761,frozenset({'nines'}),to the nines
1762,"frozenset({'bitter', 'pill'})",bitter pill
1763,"frozenset({'easy', 'peasy'})",easy peasy
1764,"frozenset({'cross', 'line'})",cross the line
1765,"frozenset({'rip', 'peace', 'rest'})",rest in peace (RIP)
1766,"frozenset({'set', 'bar'})",set the bar
1767,"frozenset({'assured', 'rest'})",rest assured
1768,"frozenset({'onto', 'hand'})",on/to hand
1769,"frozenset({'eye', 'candy'})",eye candy
1770,"frozenset({'rocket', 'science'})",rocket science
1771,"frozenset({'heads', 'roll', 'will'})",heads will roll
1772,"frozenset({'whip', 'crack'})",crack the whip
1773,"frozenset({'shooter', 'straight'})",straight shooter
1774,frozenset({'red'}),in the red
1775,"frozenset({'than', 'eye', 'meets', 'more'})",more than meets the eye
1776,"frozenset({'coffin', 'nail'})",nail in the coffin
1777,"frozenset({'dogs', 'bite', 'seldom', 'barking'})",barking dogs seldom bite
1778,"frozenset({'room', 'elephant'})",elephant in the room
1779,"frozenset({'oil', 'pour', 'troubled', 'waters'})",pour oil on troubled waters
1780,"frozenset({'take', 'notch', 'updown'})",take it up/down a notch
1781,"frozenset({'pain', 'no', 'gain'})","no pain, no gain"
1782,"frozenset({'white', 'paper'})",white paper
1783,"frozenset({'mood', 'black'})",black mood
1784,"frozenset({'bed', 'with'})",in bed with
1785,"frozenset({'dig', 's', 'grave', 'one'})",dig one's own grave
1786,"frozenset({'beeline', 'make'})",make a beeline for
1787,"frozenset({'state', 'art'})",state of the art
1789,"frozenset({'stand', 'test', 'time'})",stand [pron] test of time
1790,"frozenset({'whisper', 'stage'})",stage whisper
1793,"frozenset({'language', 'speak', 'same'})",speak [pron] same language
1794,"frozenset({'later', 'or', 'sooner'})",sooner or later
1797,"frozenset({'snowed', 'under'})",snowed under
1801,"frozenset({'life', 'slice'})",slice of life
1802,"frozenset({'skin', 'and', 'bones'})",skin and bones
1803,"frozenset({'skin', 'alive'})",skin [pron] alive
1808,"frozenset({'lining', 'silver'})",silver lining
1809,"frozenset({'silver', 'fox'})",silver fox
1810,"frozenset({'bullet', 'silver'})",silver bullet
1811,"frozenset({'shoot', 'through'})",shoot through
1812,"frozenset({'shoot', 'straight'})",shoot straight
1813,"frozenset({'down', 'spine', 'shiver'})",shiver down [pron] spine
1814,"frozenset({'gears', 'shift'})",shift gears
1816,"frozenset({'shelf', 'life'})",shelf life
1817,"frozenset({'stick', 'guns'})",stick to [pron] guns
1818,"frozenset({'hornets', 'nest', 'up', 'stir'})",stir up [pron] hornets' nest
1820,"frozenset({'law', 'spirit'})",the spirit of the law
1821,"frozenset({'grey', 'men', 'suits'})",the men in grey suits
1822,"frozenset({'law', 'letter'})",the letter of the law
1824,"frozenset({'holy', 'grail'})",the holy grail
1827,"frozenset({'makes', 'two'})",that makes two of us
1828,"frozenset({'goodness', 'thank'})",thank goodness
1829,"frozenset({'testing', 'waters'})",testing [pron] waters
1830,"frozenset({'speaking', 'technically'})",technically speaking
1831,"frozenset({'take', 'ride'})",take for [pron] ride
1835,"frozenset({'take', 'view', 'dim'})",take [pron] dim view of
1837,"frozenset({'syrup', 'figs'})",syrup of figs
1838,frozenset({'swing'}),swing by
1839,"frozenset({'tide', 'against', 'swim'})",swim against [pron] tide
1840,"frozenset({'sweat', 'blood'})",sweat blood
1842,"frozenset({'strike', 'balance'})",strike [pron] balance
1843,"frozenset({'cash', 'strapped'})",strapped for cash
1844,"frozenset({'have', 'stranger', 'things', 'happened'})",stranger things have happened
1846,"frozenset({'stitch', 'up'})",stitch up
1847,"frozenset({'take', 'stab'})",take [pron] stab at
1848,"frozenset({'third', 'time', 'lucky'})",third time lucky
1849,"frozenset({'shoes', 'shake'})",shake in [pron] shoes
1850,"frozenset({'soul', 'devil', 'sell'})",sell [pron] soul to [pron] devil
1851,"frozenset({'red', 'ink'})",red ink
1853,"frozenset({'between', 'read', 'lines'})",read between [pron] lines
1856,"frozenset({'deal', 'raw'})",raw deal
1861,"frozenset({'rack', 'brain'})",rack [pron] brain
1866,"frozenset({'boots', 'quake'})",quake in [pron] boots
1867,"frozenset({'brave', 'face', 'put'})",put on [pron] brave face
1868,"frozenset({'wheel', 'shoulder', 'put'})",put [pron] shoulder to [pron] wheel
1869,"frozenset({'cat', 'among', 'pigeons', 'put'})",put [pron] cat among [pron] pigeons
1871,"frozenset({'leg', 'pulling'})",pulling [pron] leg
1877,"frozenset({'pressed', 'time'})",pressed for time
1880,"frozenset({'set', 'rolling', 'ball'})",set [pron] ball rolling
1882,"frozenset({'rest', 'up'})",rest up
1884,"frozenset({'explanatory', 'self'})",self explanatory
1886,"frozenset({'see', 'point'})",see [pron] point
1887,"frozenset({'murder', 'blue', 'scream'})",scream blue murder
1888,"frozenset({'scratch', 'head'})",scratch [pron] head
1889,"frozenset({'scrape', 'together'})",scrape together
1890,"frozenset({'scarlet', 'woman'})",scarlet woman
1891,"frozenset({'piece', 'say'})",say [pron] piece
1893,"frozenset({'earth', 'salt'})",salt of the earth
1895,"frozenset({'wind', 'sail', 'close'})",sail close to [pron] wind
1896,"frozenset({'wheel', 'reinvent'})",reinvent [pron] wheel
1897,"frozenset({'safety', 'numbers'})",safety in numbers
1899,"frozenset({'battle', 'running'})",running battle
1901,"frozenset({'wind', 'like', 'run'})",run like [pron] wind
1902,"frozenset({'life', 'run'})",run for [pron] life
1905,"frozenset({'rough', 'time'})",rough time
1906,"frozenset({'and', 'branch', 'root'})",root and branch
1910,"frozenset({'shotgun', 'ride'})",ride shotgun
1911,"frozenset({'and', 'safe', 'sound'})",safe and sound
1912,"frozenset({'bundle', 'up'})",bundle up
1913,"frozenset({'thin', 'thick', 'and', 'through'})",through thick and thin
1915,"frozenset({'count', 'down'})",down for the count
1916,"frozenset({'like', 'water', 'duck'})",like a duck to water
1918,"frozenset({'whirl', 'give'})",give it a whirl
1919,"frozenset({'lose', 'marbles'})",lose your marbles
1920,"frozenset({'plain', 'day', 'as'})",plain as day
1921,"frozenset({'step', 'game', 'up'})",step up your game
1922,"frozenset({'paddle', 'creek', 'up', 'without'})",up a creek without a paddle
1923,frozenset({'rock'}),you rock
1924,"frozenset({'astray', 'lead'})",lead astray
1925,"frozenset({'aspersions', 'cast'})",cast aspersions
1926,"frozenset({'alter', 'ego'})",alter ego
1927,"frozenset({'out', 'day'})","day in, day out"
1928,"frozenset({'bit', 'much'})",a bit much
1929,"frozenset({'account', 'good'})",good account of
1930,"frozenset({'twenty', '247', 'seven', 'four'})",24/7 (twenty-four-seven)
1931,"frozenset({'bit', 'much', 'too'})",a bit too much
1932,"frozenset({'vinegar', 'piss', 'and'})",piss and vinegar
1933,"frozenset({'means', 'all'})",by all means
1936,"frozenset({'young', 'heart'})",young at heart
1939,"frozenset({'worth', 'weight', 'gold'})",worth [pron] weight in gold
1940,"frozenset({'like', 'work', 'charm'})",work like [pron] charm
1941,"frozenset({'fingers', 'work', 'bone'})",work [pron] fingers to [pron] bone
1942,frozenset({'word'}),word for word
1943,"frozenset({'aces', 'hold', 'all'})",hold all the aces
1944,"frozenset({'wishful', 'thinking'})",wishful thinking
1945,"frozenset({'keep', 'pants'})",keep your pants on
1947,"frozenset({'belle', 'ball'})",belle of the ball
1948,"frozenset({'as', 'thick', 'thieves'})",as thick as thieves
1949,"frozenset({'grain', 'take', 'with', 'salt'})",take with a grain of salt
1950,"frozenset({'every', 'man', 'jack'})",every man Jack
1951,"frozenset({'right', 'fly', 'straighten', 'and', 'up'})",straighten up and fly right
1952,"frozenset({'turn', 'down', 'glass'})",turn down a glass
1953,frozenset({'watchdog'}),watchdog
1954,"frozenset({'fish', 'fry', 'bigger'})",bigger fish to fry
1955,"frozenset({'scott', 'great'})",Great Scott
1956,"frozenset({'pound', 'flesh'})",pound of flesh
1957,"frozenset({'top', 'dog'})",top dog
1958,"frozenset({'order', 'short'})",in short order
1959,"frozenset({'s', 'tickle', 'someone', 'fancy'})",tickle someone's fancy
1960,"frozenset({'s', 'head', 'wrap', 'one', 'around'})",wrap one's head around
1961,"frozenset({'cat', 'hot', 'like', 'roof', 'tin'})",like a cat on a hot tin roof
1962,"frozenset({'grew', 'from', 'rose', 'concrete'})",the rose that grew from concrete
1963,"frozenset({'bird', 'view', 'eye', 's'})",bird's eye view
1964,frozenset({'money'}),on the money
1965,"frozenset({'pale', 'beyond'})",beyond the pale
1966,"frozenset({'bud', 'nip'})",nip in the bud
1967,"frozenset({'comb', 'through'})",comb through
1968,"frozenset({'punches', 'with', 'roll'})",roll with the punches
1969,"frozenset({'beat', 'air'})",beat the air
1970,"frozenset({'pound', 'penny'})","in for a penny, in for a pound"
1971,"frozenset({'nilly', 'willy'})",willy-nilly
1972,"frozenset({'highway', 'or', 'way'})",my way or the highway
1973,"frozenset({'tree', 'leave', 'like', 'and', 'make'})",make like a tree and leave
1974,"frozenset({'jets', 'cool'})",cool your jets
1975,"frozenset({'biter', 'nail'})",nail biter
1976,"frozenset({'wind', 'throw', 'caution'})",throw caution to [pron] wind
1979,"frozenset({'wire', 'under'})",under the wire
1981,"frozenset({'table', 'under'})",under the table
1982,"frozenset({'under', 'sun'})",under the sun
1983,"frozenset({'pressure', 'under'})",under pressure
1984,"frozenset({'construction', 'under'})",under construction
1985,"frozenset({'canvas', 'under'})",under canvas
1987,"frozenset({'back', 'turn', 'clock'})",turn back [pron] clock
1990,"frozenset({'strife', 'and', 'trouble'})",trouble and strife
1991,"frozenset({'light', 'fantastic', 'trip'})",trip [pron] light fantastic
1992,"frozenset({'unwritten', 'law'})",unwritten law
1993,"frozenset({'track', 'record'})",track record
1994,"frozenset({'love', 'tough'})",tough love
1996,frozenset({'day'}),to this day
1997,frozenset({'hilt'}),to the hilt
1998,"frozenset({'trigger', 'pull'})",to pull [pron] trigger
1999,"frozenset({'fine', 'art'})",to a fine art
2000,"frozenset({'time', 'money'})",time is money
2004,"frozenset({'up', 'thumbs'})",thumbs up
2005,"frozenset({'down', 'thumbs'})",thumbs down
2006,"frozenset({'thumbnail', 'sketch'})",thumbnail sketch
2007,"frozenset({'tour', 'force', 'de'})",tour de force
2008,"frozenset({'wild', 'goose', 'chase'})",wild-goose chase
2010,"frozenset({'territory', 'virgin'})",virgin territory
2011,"frozenset({'white', 'than', 'whiter'})",whiter than white
2013,"frozenset({'white', 'sheet', 'as'})",white as a sheet
2014,"frozenset({'appetite', 'whet'})",whet [pron] appetite
2018,"frozenset({'well', 'hung'})",well hung
2019,"frozenset({'permitting', 'weather'})",weather permitting
2021,"frozenset({'off', 'wear'})",wear off
2024,"frozenset({'vale', 'tears'})",vale of tears
2027,"frozenset({'space', 'watch'})",watch this space
2028,"frozenset({'mouth', 'watch'})",watch [pron] mouth
2029,"frozenset({'language', 'watch'})",watch [pron] language
2030,"frozenset({'clock', 'watch'})",watch [pron] clock
2031,"frozenset({'up', 'washed'})",washed up
2032,"frozenset({'words', 'war'})",war of words
2033,"frozenset({'nerves', 'war'})",war of nerves
2035,"frozenset({'air', 'walk'})",walk on air
2036,"frozenset({'life', 'walk'})",walk of life
2039,"frozenset({'wax', 'and', 'wane'})",wax and wane
2040,"frozenset({'ll', 'back', 'and', 'i', 'scratch'})",you scratch my back and i'll scratch yours
