"HITId","HITTypeId","Title","Description","Keywords","Reward","CreationTime","MaxAssignments","RequesterAnnotation","AssignmentDurationInSeconds","AutoApprovalDelayInSeconds","Expiration","NumberOfSimilarHITs","LifetimeInSeconds","AssignmentId","WorkerId","AssignmentStatus","AcceptTime","SubmitTime","AutoApprovalTime","ApprovalTime","RejectionTime","RequesterFeedback","WorkTimeInSeconds","LifetimeApprovalRate","Last30DaysApprovalRate","Last7DaysApprovalRate","Input.idiom_0","Input.meaning_0","Input.instance_0","Input.label_0","Input.idiom_1","Input.meaning_1","Input.instance_1","Input.label_1","Input.idiom_2","Input.meaning_2","Input.instance_2","Input.label_2","Input.idiom_3","Input.meaning_3","Input.instance_3","Input.label_3","Input.idiom_4","Input.meaning_4","Input.instance_4","Input.label_4","Answer.0_gold","Answer.1_gold","Answer.2_gold","Answer.3_gold","Answer.4_gold","Answer.TimeMe","Answer.feedback","Approve","Reject"
"3SNR5F7RAH9N07B6VARWN69CPTDEIX","3VU3J1KUFRFVJRVRP9M4MWPPXMFGTQ","Identify Usage of Idioms: Literal, Idiomatic, or Ambiguous?","Your task is to identify the usage of an idiom in a sentence. For each pair of idiom and sentence provided, you must select an option that best describes the meaning of the idiom within the context of the sentence. Expected time: 1 min.","text, idiom, english, classification, nlp","$0.30","Tue Apr 11 21:11:15 PDT 2023","1","BatchId:5053241;OriginalHitTemplateId:928390909;","3600","2419200","Tue May 02 21:11:15 PDT 2023","","","3TPZPLC3MGSFUFG7AN5L2W2HZD63PN","A277V4SHQB8JRS","Submitted","Tue Apr 11 22:38:38 PDT 2023","Tue Apr 11 22:39:42 PDT 2023","Tue May 09 22:39:42 PDT 2023","","","","64","100% (1/1)","100% (1/1)","100% (1/1)","a cuckoo in the nest","an unwelcome intruder in a place or situation.","He was a cuckoo in the nest because he had different views from the team","0","uncharted waters","when you are in a situation that is unfamiliar to you, that you have no experience of and don't know what might happen","We are in uncharted waters","2","paddle own canoe","To be able to act without having to depend on anyone.","She was paddling her own canoe as she found success all on her own","0","rock the boat","to make trouble.","He decided to rock the boat by literally rocking it back and forth in the water","1","those three little words","the three words ""I love you""","He said those three little words when he admitted his guilt in court","1","0","2","0","1","1","52.341","{}"
"301KG0KXAR1V9WO6W8EALTZ8SD8H25","3VU3J1KUFRFVJRVRP9M4MWPPXMFGTQ","Identify Usage of Idioms: Literal, Idiomatic, or Ambiguous?","Your task is to identify the usage of an idiom in a sentence. For each pair of idiom and sentence provided, you must select an option that best describes the meaning of the idiom within the context of the sentence. Expected time: 1 min.","text, idiom, english, classification, nlp","$0.30","Tue Apr 11 21:11:15 PDT 2023","1","BatchId:5053241;OriginalHitTemplateId:928390909;","3600","2419200","Tue May 02 21:11:15 PDT 2023","","","3FQ5JJ51214LNSC1FEKSFTEOAJJNKC","A1I7H6RDJS4EKN","Submitted","Tue Apr 11 21:11:59 PDT 2023","Tue Apr 11 21:17:49 PDT 2023","Tue May 09 21:17:49 PDT 2023","","","","350","100% (1/1)","100% (1/1)","100% (1/1)","a sight for sore eyes","a way of saying that you are happy to see someone","She was a sight for sore eyes","2","bull in a china shop","extremely awkward, clumsy person","He acted like a bull in a china shop when making decisions, breaking many fragile objects as he went","0","up a blind alley","to be doing something that will definitely have a negative outcome","We went up a blind alley","2","in the dark","uninformed, a state of ignorance.","They were in the dark when the power went out","1","top dog","The term ""top dog"" means a person, group, or thing in a position of power, particularly after struggling or winning a grueling competition.","He's the top dog as he always walks ahead of the other three dogs","1","0","0","2","1","1","78.335","{}"
"36818Z1KWIT5KRCBU2INNHHWLWIA3Y","3VU3J1KUFRFVJRVRP9M4MWPPXMFGTQ","Identify Usage of Idioms: Literal, Idiomatic, or Ambiguous?","Your task is to identify the usage of an idiom in a sentence. For each pair of idiom and sentence provided, you must select an option that best describes the meaning of the idiom within the context of the sentence. Expected time: 1 min.","text, idiom, english, classification, nlp","$0.30","Tue Apr 11 21:11:15 PDT 2023","1","BatchId:5053241;OriginalHitTemplateId:928390909;","3600","2419200","Tue May 02 21:11:15 PDT 2023","","","34V1S5K3G8HTZBNIC07MN9EM40P963","A277V4SHQB8JRS","Submitted","Tue Apr 11 22:31:34 PDT 2023","Tue Apr 11 22:32:53 PDT 2023","Tue May 09 22:32:53 PDT 2023","","","","79","100% (1/1)","100% (1/1)","100% (1/1)","a whole raft of","a large collection of something","I got a whole raft of information","2","jury's out","when there is no general agreement or consensus on something","The jury's out on what to do next","0","take the biscuit","be the most remarkable or foolish of its kind","That took the biscuit","2","jobs for the boys","work that someone in an important position gives to their friends or relations","They got jobs for the boys","2","black hole","a place in which things are lost never to be seen again","He fell into a black hole","2","0","0","2","2","2","67.35","{}"
"3X878VYTJTYIH1U67U75EZ43NEH7FD","3VU3J1KUFRFVJRVRP9M4MWPPXMFGTQ","Identify Usage of Idioms: Literal, Idiomatic, or Ambiguous?","Your task is to identify the usage of an idiom in a sentence. For each pair of idiom and sentence provided, you must select an option that best describes the meaning of the idiom within the context of the sentence. Expected time: 1 min.","text, idiom, english, classification, nlp","$0.30","Tue Apr 11 21:11:16 PDT 2023","1","BatchId:5053241;OriginalHitTemplateId:928390909;","3600","2419200","Tue May 02 21:11:16 PDT 2023","","","3NJM2BJS4CM37FCQ3GGMVZ6B5PBPCX","A1P3Z24Y6GRNVA","Submitted","Tue Apr 11 21:11:51 PDT 2023","Tue Apr 11 21:33:17 PDT 2023","Tue May 09 21:33:17 PDT 2023","","","","1286","100% (1/1)","100% (1/1)","100% (1/1)","above board","straight; without concealment, legitimate; open","Everything was above board, which was a relief, especially in this difficult political climate","0","batten down the hatches","to get ready for trouble","We battened down the hatches","2","to see the back of","to be glad that you no longer have to deal with someone","I'm glad to see the back of them since I can now see the other side","1","go steady","have a romantic relationship with someone","They've been going steady by walking together to the park every day","1","man's best friend","It refers to animals that are of use to human beings, mostly used to address dogs.","He is a man's best friend because he always helps him out when he is in need","0","0","2","1","2","2","50.092","{}"
"3S1WOPCJGV9JVIVCDSCWZ7OC282EJ9","3VU3J1KUFRFVJRVRP9M4MWPPXMFGTQ","Identify Usage of Idioms: Literal, Idiomatic, or Ambiguous?","Your task is to identify the usage of an idiom in a sentence. For each pair of idiom and sentence provided, you must select an option that best describes the meaning of the idiom within the context of the sentence. Expected time: 1 min.","text, idiom, english, classification, nlp","$0.30","Tue Apr 11 21:11:16 PDT 2023","1","BatchId:5053241;OriginalHitTemplateId:928390909;","3600","2419200","Tue May 02 21:11:16 PDT 2023","","","3TMSXRD2XMG94LZTZ55X6XVGUPO1WF","A1P3Z24Y6GRNVA","Submitted","Tue Apr 11 21:12:53 PDT 2023","Tue Apr 11 21:45:56 PDT 2023","Tue May 09 21:45:56 PDT 2023","","","","1983","100% (1/1)","100% (1/1)","100% (1/1)","back against the wall","to be in a tough situation with limited options","They had their back against the wall","2","rat race","to be following a routine that is both, exhaustive as well as competitive","He's in the rat race, pushing for unpaid overtime to keep up with the competition","0","worm in the apple","the presence of something very bad in the best","There's a worm in the apple","2","in cold blood","in a cruel way and without pity or other emotion","He killed him in cold blood because the temperature outside was low","1","have no truck with","avoid dealing or being associated with","I have no truck with them because I don't need their help","1","2","0","2","2","2","53.524","{}"
"3TRB893CTYQOV1Q1IEDNWK4FOTH7GC","3VU3J1KUFRFVJRVRP9M4MWPPXMFGTQ","Identify Usage of Idioms: Literal, Idiomatic, or Ambiguous?","Your task is to identify the usage of an idiom in a sentence. For each pair of idiom and sentence provided, you must select an option that best describes the meaning of the idiom within the context of the sentence. Expected time: 1 min.","text, idiom, english, classification, nlp","$0.30","Tue Apr 11 21:11:16 PDT 2023","1","BatchId:5053241;OriginalHitTemplateId:928390909;","3600","2419200","Tue May 02 21:11:16 PDT 2023","","","3AAJC4I4FW8KTXK20HVA91LK58RZJ6","A1P3Z24Y6GRNVA","Submitted","Tue Apr 11 21:12:55 PDT 2023","Tue Apr 11 21:47:44 PDT 2023","Tue May 09 21:47:44 PDT 2023","","","","2089","100% (1/1)","100% (1/1)","100% (1/1)","back to the wall","to be in a difficult situation","They were backed up against the wall as the crowd slowly started closing in on them","1","happy camper","to be content or satisfied with what is happening in your lifes and have no complaints","I'm a happy camper with the job offers I've been receiving","0","walk on eggshell","to be careful about one's words or actions around another person","She's walking on eggshells around them as every little thing can start an argument","0","yellow streak","people who  have an inclination towards being fainthearted.","You have a yellow streak down your back, from your neck to your tailbone","1","back the wrong horse","to make the wrong decision and support a person or action that is later unsuccessful","He's backed the wrong horse by not taking the advice of his experienced colleagues","0","1","0","0","1","0","47.007","{}"
"3FW4EL5A404RU6LODNB3YPT63UQ228","3VU3J1KUFRFVJRVRP9M4MWPPXMFGTQ","Identify Usage of Idioms: Literal, Idiomatic, or Ambiguous?","Your task is to identify the usage of an idiom in a sentence. For each pair of idiom and sentence provided, you must select an option that best describes the meaning of the idiom within the context of the sentence. Expected time: 1 min.","text, idiom, english, classification, nlp","$0.30","Tue Apr 11 21:11:16 PDT 2023","1","BatchId:5053241;OriginalHitTemplateId:928390909;","3600","2419200","Tue May 02 21:11:16 PDT 2023","","","34BBWHLWHQRK4RVR7CQ3YWC2BRYWI1","A1I7H6RDJS4EKN","Submitted","Tue Apr 11 21:12:11 PDT 2023","Tue Apr 11 21:20:56 PDT 2023","Tue May 09 21:20:56 PDT 2023","","","","525","100% (1/1)","100% (1/1)","100% (1/1)","blow cover","to reveal the true identity","He blew his cover when he revealed his true identity to the enemy","0","lose your marbles","strange behaviors.","He has lost his marbles","2","zero tolerance","denial to allow rebellious activities, usually by rigid and strict application of the rules;","She had a zero tolerance policy","2","whole nine yards","everything, all of something","He went the whole nine yards","2","whatever floats my boat","although you don't quite agree with someone, it's their choice and you think they should so whatever makes them happy","I'm going with whatever floats my boat, even if it is unconventional","0","1","0","1","0","0","213.57","{}"
"3CVBMEMMYQW2VXLC2KV5HKGG3TU7HB","3VU3J1KUFRFVJRVRP9M4MWPPXMFGTQ","Identify Usage of Idioms: Literal, Idiomatic, or Ambiguous?","Your task is to identify the usage of an idiom in a sentence. For each pair of idiom and sentence provided, you must select an option that best describes the meaning of the idiom within the context of the sentence. Expected time: 1 min.","text, idiom, english, classification, nlp","$0.30","Tue Apr 11 21:11:16 PDT 2023","1","BatchId:5053241;OriginalHitTemplateId:928390909;","3600","2419200","Tue May 02 21:11:16 PDT 2023","","","3YGXWBAF7GXHIMQ75WOYS1VGEUN4CV","A277V4SHQB8JRS","Submitted","Tue Apr 11 22:39:45 PDT 2023","Tue Apr 11 22:40:36 PDT 2023","Tue May 09 22:40:36 PDT 2023","","","","51","100% (1/1)","100% (1/1)","100% (1/1)","blow his own horn","to talk about oneself or one's achievements especially in a way that shows pride or too much pride","He was blowing his own horn","2","top dog","The term ""top dog"" means a person, group, or thing in a position of power, particularly after struggling or winning a grueling competition.","He's the top dog of the business world, making the most influential decisions","0","slap on the wrist","to show disapproval.","He got slapped on the wrist","2","miles away","unaware of the current situation","I feel miles away","2","clean slate","to wipe the past out and begin afresh","She started with a clean slate, enabling her to achieve her desired goals without any setbacks","0","2","0","2","2","0","49.644","{}"
"3DWNFENNFIB13GYJOM0JQLCLPJ8J48","3VU3J1KUFRFVJRVRP9M4MWPPXMFGTQ","Identify Usage of Idioms: Literal, Idiomatic, or Ambiguous?","Your task is to identify the usage of an idiom in a sentence. For each pair of idiom and sentence provided, you must select an option that best describes the meaning of the idiom within the context of the sentence. Expected time: 1 min.","text, idiom, english, classification, nlp","$0.30","Tue Apr 11 21:11:16 PDT 2023","1","BatchId:5053241;OriginalHitTemplateId:928390909;","3600","2419200","Tue May 02 21:11:16 PDT 2023","","","3DY4FPOOAH4KI1Y57PFGQMUFRFKVR1","A277V4SHQB8JRS","Submitted","Tue Apr 11 22:14:12 PDT 2023","Tue Apr 11 22:16:10 PDT 2023","Tue May 09 22:16:10 PDT 2023","","","","118","100% (1/1)","100% (1/1)","100% (1/1)","blue-collar","of or relating to industrial work, especially the semiskilled and unskilled","He is a blue-collar worker because he wears a blue-colored shirt while at work","1","on the line","to be at serious risk.","Everything was on the line when I was washing my clothes, so I didn't make any mistakes","1","begun to see the light","to suddenly begin to understand","I have begun to see the light","2","red carpet","to give people a special welcome to show that you think they are important","They rolled out the red carpet for him as a sign of honor and respect","0","bang on","to be exact; to be correct; to be proper","She was bang on the door trying to get inside","1","1","1","2","2","1","115.787","{}"
"3XDJY5RK671AHW9D0L4XXNLW6Z64UP","3VU3J1KUFRFVJRVRP9M4MWPPXMFGTQ","Identify Usage of Idioms: Literal, Idiomatic, or Ambiguous?","Your task is to identify the usage of an idiom in a sentence. For each pair of idiom and sentence provided, you must select an option that best describes the meaning of the idiom within the context of the sentence. Expected time: 1 min.","text, idiom, english, classification, nlp","$0.30","Tue Apr 11 21:11:16 PDT 2023","1","BatchId:5053241;OriginalHitTemplateId:928390909;","3600","2419200","Tue May 02 21:11:16 PDT 2023","","","33JKGHPFYSAGDGC40QX8U66SZOENMH","A1P3Z24Y6GRNVA","Submitted","Tue Apr 11 21:12:03 PDT 2023","Tue Apr 11 21:43:49 PDT 2023","Tue May 09 21:43:49 PDT 2023","","","","1906","100% (1/1)","100% (1/1)","100% (1/1)","bull's eye","the center of a target","I hit the bull's eye with the arrow during target practice","1","sitting duck","to be an easy target","He's a sitting duck","2","let sleeping dogs lie","its best to leave a situation as it is if disturbing it might cause trouble","We should let sleeping dogs lie","2","rabbit hole","mentally go somewhere surreal or strange","He went down the rabbit hole","2","rain check","declining an offer that might be taken up later.","Let's take a rain check","2","0","2","2","2","0","36.543","{}"
"322ZSN9Z6V0VHJUO0GENSRZUNLZ4TY","3VU3J1KUFRFVJRVRP9M4MWPPXMFGTQ","Identify Usage of Idioms: Literal, Idiomatic, or Ambiguous?","Your task is to identify the usage of an idiom in a sentence. For each pair of idiom and sentence provided, you must select an option that best describes the meaning of the idiom within the context of the sentence. Expected time: 1 min.","text, idiom, english, classification, nlp","$0.30","Tue Apr 11 21:11:16 PDT 2023","1","BatchId:5053241;OriginalHitTemplateId:928390909;","3600","2419200","Tue May 02 21:11:16 PDT 2023","","","3KRVW3HTZ31DTT498MEUT0GYMOTMS1","A277V4SHQB8JRS","Submitted","Tue Apr 11 22:35:34 PDT 2023","Tue Apr 11 22:36:15 PDT 2023","Tue May 09 22:36:15 PDT 2023","","","","41","100% (1/1)","100% (1/1)","100% (1/1)","call bluff","to challenge to prove one's claim, when they are likely attempting to deceive","You can call his bluff","2","big mouth","someone who talks too much","He's got a big mouth and he won't stop gossiping about everyone","0","open old wounds","to revive memories of an unpleasant event, situation or dispute that took place in the past","He opened old wounds when he used a scalpel to access scar tissue from a previous injury","1","draw a blank","to get no response from someone","I drew a blank when I was asked to remember her name","0","learn to walk before you run","to take smaller steps initially","He learned to walk before he ran by taking practice steps until he could run","1","2","0","1","0","1","39.799","{}"
"38XPGNCKI8GAUBYD5BE2T9NFK6F4VE","3VU3J1KUFRFVJRVRP9M4MWPPXMFGTQ","Identify Usage of Idioms: Literal, Idiomatic, or Ambiguous?","Your task is to identify the usage of an idiom in a sentence. For each pair of idiom and sentence provided, you must select an option that best describes the meaning of the idiom within the context of the sentence. Expected time: 1 min.","text, idiom, english, classification, nlp","$0.30","Tue Apr 11 21:11:16 PDT 2023","1","BatchId:5053241;OriginalHitTemplateId:928390909;","3600","2419200","Tue May 02 21:11:16 PDT 2023","","","3SNVL38CIK82WOFAQOBEZIKCBF5KCR","A1P3Z24Y6GRNVA","Submitted","Tue Apr 11 21:11:46 PDT 2023","Tue Apr 11 21:28:48 PDT 2023","Tue May 09 21:28:48 PDT 2023","","","","1022","100% (1/1)","100% (1/1)","100% (1/1)","cold shoulder","to treat somebody with coldness and contempt","He gave me the cold shoulder","2","bite tongue","to keep yourself from saying something that you really want to say","I had to bite my tongue","2","not getting anywhere","to make no progress at all; not improving or advancing a particular situation","I'm not getting anywhere because I'm not driving anywhere","1","on the cards","Something very likely to happen, occur or take place.","It's on the cards","2","off on the wrong foot","off to a bad start","We got off on the wrong foot when we started talking yesterday","0","0","2","1","2","0","62.548","{}"
"36AZSFEY0JGUFAJMKQOP1NTLUYWBVR","3VU3J1KUFRFVJRVRP9M4MWPPXMFGTQ","Identify Usage of Idioms: Literal, Idiomatic, or Ambiguous?","Your task is to identify the usage of an idiom in a sentence. For each pair of idiom and sentence provided, you must select an option that best describes the meaning of the idiom within the context of the sentence. Expected time: 1 min.","text, idiom, english, classification, nlp","$0.30","Tue Apr 11 21:11:16 PDT 2023","1","BatchId:5053241;OriginalHitTemplateId:928390909;","3600","2419200","Tue May 02 21:11:16 PDT 2023","","","3H8DHMCCWPRC1GLOQK6PJO2UWFHKDR","A1P3Z24Y6GRNVA","Submitted","Tue Apr 11 21:11:48 PDT 2023","Tue Apr 11 21:29:32 PDT 2023","Tue May 09 21:29:32 PDT 2023","","","","1064","100% (1/1)","100% (1/1)","100% (1/1)","cut both ways","have two different effects at the same time, usually one good and one bad.","His decision cut both ways, as it impacted people coming from different directions","1","carry coals to new castle","to take something to a place or a person that has a lot of that thing already","She carried coals to Newcastle","2","got somebody's goat","to annoy or irritate someone","They got my goat when they teased me publicly","0","heart and soul","with all the effort you can put into it","She committed with her heart and soul, literally using each muscle and organ of her body","1","too many cooks spoil the broth","to mean that something does not go well when there are too many ways to do it","There were too many cooks","2","2","2","2","0","2","42.724","{}"
"3KQC8JMJHR8KUEKP08SF4340YR8H3G","3VU3J1KUFRFVJRVRP9M4MWPPXMFGTQ","Identify Usage of Idioms: Literal, Idiomatic, or Ambiguous?","Your task is to identify the usage of an idiom in a sentence. For each pair of idiom and sentence provided, you must select an option that best describes the meaning of the idiom within the context of the sentence. Expected time: 1 min.","text, idiom, english, classification, nlp","$0.30","Tue Apr 11 21:11:16 PDT 2023","1","BatchId:5053241;OriginalHitTemplateId:928390909;","3600","2419200","Tue May 02 21:11:16 PDT 2023","","","30LSNF239ABYSBXKTS1WAPWD7K3I25","A1P3Z24Y6GRNVA","Submitted","Tue Apr 11 21:11:56 PDT 2023","Tue Apr 11 21:35:12 PDT 2023","Tue May 09 21:35:12 PDT 2023","","","","1396","100% (1/1)","100% (1/1)","100% (1/1)","face the music","receive punishment","He had to face the music","2","building blocks","something that is a basic element (of the subject)","The building blocks are there","2","stop the rot","when you prevent a situation from deteriorating, especially in business or politics","We need to stop the rot to restore our credibility in the industry","0","chew the fat","to have friendly banter for hours on end.","Let's chew the fat because we've got plenty of time","1","cover one's tracks","to keep one's location, activities, and intentions hidden.","He covered his tracks with weeds so the hiker wouldn't find them","1","0","2","0","2","1","51.734","{}"
"3QGHA0EA1YG7UZJRA0TLNPCZ17YBW1","3VU3J1KUFRFVJRVRP9M4MWPPXMFGTQ","Identify Usage of Idioms: Literal, Idiomatic, or Ambiguous?","Your task is to identify the usage of an idiom in a sentence. For each pair of idiom and sentence provided, you must select an option that best describes the meaning of the idiom within the context of the sentence. Expected time: 1 min.","text, idiom, english, classification, nlp","$0.30","Tue Apr 11 21:11:16 PDT 2023","1","BatchId:5053241;OriginalHitTemplateId:928390909;","3600","2419200","Tue May 02 21:11:16 PDT 2023","","","3RU7GD8VP49JEW1M026MA4ATRSXSPU","A1P3Z24Y6GRNVA","Submitted","Tue Apr 11 21:13:03 PDT 2023","Tue Apr 11 21:49:58 PDT 2023","Tue May 09 21:49:58 PDT 2023","","","","2215","100% (1/1)","100% (1/1)","100% (1/1)","get out of bed on the wrong side","be very irritable and grouchy","He got out of bed on the wrong side","2","blazing row","a very angry argument","They had a blazing row where they shouted angrily at each other","0","green around the gills","Someone who looks sick or nauseated.","She looked green around the gills after she heard about the lay-offs","0","heart in his mouth","to feel extremely anxious or nervous faced with a dangerous or unpleasant situation","He had his heart in his mouth","2","those three little words","the three words ""I love you""","He said those three little words when he asked me to marry him","0","2","2","0","0","0","51.708","{}"
"39I4RL8QHYX5CA3T0MXYE8W6CR4H41","3VU3J1KUFRFVJRVRP9M4MWPPXMFGTQ","Identify Usage of Idioms: Literal, Idiomatic, or Ambiguous?","Your task is to identify the usage of an idiom in a sentence. For each pair of idiom and sentence provided, you must select an option that best describes the meaning of the idiom within the context of the sentence. Expected time: 1 min.","text, idiom, english, classification, nlp","$0.30","Tue Apr 11 21:11:16 PDT 2023","1","BatchId:5053241;OriginalHitTemplateId:928390909;","3600","2419200","Tue May 02 21:11:16 PDT 2023","","","3TXWC2NHNF6YM9LFJDAPOEAEMOFS9Z","A1P3Z24Y6GRNVA","Submitted","Tue Apr 11 21:11:52 PDT 2023","Tue Apr 11 21:34:17 PDT 2023","Tue May 09 21:34:17 PDT 2023","","","","1345","100% (1/1)","100% (1/1)","100% (1/1)","glass ceiling","an unseen (glass) barrier for women and people who belong to minority groups in climbing up the corporate, political or the ladder of success regardless of whether they are qualified for the job","She hit the glass ceiling when she was denied a higher-up position at the company","0","up a river without a paddle","when you are in an unfortunate situation, unprepared and with none of the resources to remedy the matter","He was up a river without a paddle when the powerboat broke down","1","blazing row","a very angry argument","They had a blazing row in which they fired and burned candles","1","dial it back","to reduce the intensity of something, or tone it down","He dialed it back on the radio to his favorite station","1","whatever floats my boat","although you don't quite agree with someone, it's their choice and you think they should so whatever makes them happy","I'm going with whatever floats my boat","2","0","1","2","1","2","58.047","{}"
"366FYU4PUV5E621UVDC80MOPHX2EK8","3VU3J1KUFRFVJRVRP9M4MWPPXMFGTQ","Identify Usage of Idioms: Literal, Idiomatic, or Ambiguous?","Your task is to identify the usage of an idiom in a sentence. For each pair of idiom and sentence provided, you must select an option that best describes the meaning of the idiom within the context of the sentence. Expected time: 1 min.","text, idiom, english, classification, nlp","$0.30","Tue Apr 11 21:11:16 PDT 2023","1","BatchId:5053241;OriginalHitTemplateId:928390909;","3600","2419200","Tue May 02 21:11:16 PDT 2023","","","3G2UL9A02TUPLSZPX3929DNG99V67G","A1P3Z24Y6GRNVA","Submitted","Tue Apr 11 21:13:05 PDT 2023","Tue Apr 11 21:46:54 PDT 2023","Tue May 09 21:46:54 PDT 2023","","","","2029","100% (1/1)","100% (1/1)","100% (1/1)","hand in hand","close ties or connections","They walked hand in hand, showing their commitment to each other","0","hold tongue","to keep quiet when one would rather speak","She held her tongue","2","in the good books","be in somebody's favour or good opinion","He is in the good books at the library, allowing him to check out more books than the usual limit","1","ball of fire","a dynamic person capable of or displaying rapid and highly effective thought, action, etc.","The teacher is a ball of fire","2","rain check","declining an offer that might be taken up later.","Let's take a rain check on today's plan because we lack the necessary resources","0","1","2","1","2","0","41.4","{}"
"3ZLW647WB0BGFOH7HNP8HZYY98Q23J","3VU3J1KUFRFVJRVRP9M4MWPPXMFGTQ","Identify Usage of Idioms: Literal, Idiomatic, or Ambiguous?","Your task is to identify the usage of an idiom in a sentence. For each pair of idiom and sentence provided, you must select an option that best describes the meaning of the idiom within the context of the sentence. Expected time: 1 min.","text, idiom, english, classification, nlp","$0.30","Tue Apr 11 21:11:16 PDT 2023","1","BatchId:5053241;OriginalHitTemplateId:928390909;","3600","2419200","Tue May 02 21:11:16 PDT 2023","","","32SVAV9L3VP87BA5L4NOC1DM0RPA3X","APRZ7BR8C0ZMQ","Submitted","Wed Apr 12 02:39:26 PDT 2023","Wed Apr 12 02:40:08 PDT 2023","Wed May 10 02:40:08 PDT 2023","","","","42","100% (1/1)","100% (1/1)","100% (1/1)","have clean hands","to be innocent; to be free of any wrongdoing","He had clean hands","2","lose it","go insane or crazy","She lost it, not knowing where she placed it","1","have a ball","to have a great time","They had a ball last night","2","run out","to not have enough of something","I ran out the door when I heard the siren","1","olive branch","to show that someone wants to end a disagreement and make peace","She extended an olive branch in the hope of being deciphered","1","2","1","2","1","2","39.215","{}"
"3BPP3MA3UR0PQ8JCGDO9FM146X7ELB","3VU3J1KUFRFVJRVRP9M4MWPPXMFGTQ","Identify Usage of Idioms: Literal, Idiomatic, or Ambiguous?","Your task is to identify the usage of an idiom in a sentence. For each pair of idiom and sentence provided, you must select an option that best describes the meaning of the idiom within the context of the sentence. Expected time: 1 min.","text, idiom, english, classification, nlp","$0.30","Tue Apr 11 21:11:16 PDT 2023","1","BatchId:5053241;OriginalHitTemplateId:928390909;","3600","2419200","Tue May 02 21:11:16 PDT 2023","","","3QL2OFSM9MY34U0DN13URA1G5AANCZ","A1P3Z24Y6GRNVA","Submitted","Tue Apr 11 21:11:42 PDT 2023","Tue Apr 11 21:26:58 PDT 2023","Tue May 09 21:26:58 PDT 2023","","","","916","100% (1/1)","100% (1/1)","100% (1/1)","have eyes bigger than stomach","desiring more food than one can eat","He had eyes bigger than stomach when he ordered so much food at the restaurant","0","lose it","go insane or crazy","She lost it","2","ants in pants","be extremely restless","She has ants in her pants because she's full of energy and can't sit still","0","a piece of cake","very easy task","I'm going to have a piece of cake for dessert","1","break the ice","to do or say something that makes people feel more comfortable, especially at the start of a meeting or party","Let's break the ice by skating on it","1","0","2","0","1","1","42.985","{}"
"3GVPRXWRQWA2RSWW82DQHWHV3697I4","3VU3J1KUFRFVJRVRP9M4MWPPXMFGTQ","Identify Usage of Idioms: Literal, Idiomatic, or Ambiguous?","Your task is to identify the usage of an idiom in a sentence. For each pair of idiom and sentence provided, you must select an option that best describes the meaning of the idiom within the context of the sentence. Expected time: 1 min.","text, idiom, english, classification, nlp","$0.30","Tue Apr 11 21:11:17 PDT 2023","1","BatchId:5053241;OriginalHitTemplateId:928390909;","3600","2419200","Tue May 02 21:11:17 PDT 2023","","","34V1S5K3G8HTZBNIC07MN9EM40O962","A277V4SHQB8JRS","Submitted","Tue Apr 11 22:16:13 PDT 2023","Tue Apr 11 22:17:49 PDT 2023","Tue May 09 22:17:49 PDT 2023","","","","96","100% (1/1)","100% (1/1)","100% (1/1)","head above water","to succeed to survive in bad financial situations","She has kept her head above water by swimming with a life jacket on","1","tip of the iceberg","to only know a very small part of the problem","This is just the tip of the iceberg, the rest is hidden under the water","1","piece of work","a complex, tricky, or odd person","She's a piece of work; she crafted the sculpture of her own head with her bare hands","1","wash hands of","abandon taking responsibility for someone or something","I washed my hands of this dirt by using soap and water","1","bring home the bacon","to go out and earn a living or earn money for the family","He brings home the bacon by working overtime to support the family","0","1","1","2","1","0","78.496","{}"
"3UZUVSO3QMB9WQ1XGPPOFZGT62XEMD","3VU3J1KUFRFVJRVRP9M4MWPPXMFGTQ","Identify Usage of Idioms: Literal, Idiomatic, or Ambiguous?","Your task is to identify the usage of an idiom in a sentence. For each pair of idiom and sentence provided, you must select an option that best describes the meaning of the idiom within the context of the sentence. Expected time: 1 min.","text, idiom, english, classification, nlp","$0.30","Tue Apr 11 21:11:17 PDT 2023","1","BatchId:5053241;OriginalHitTemplateId:928390909;","3600","2419200","Tue May 02 21:11:17 PDT 2023","","","32RIADZIS8KXP3F32IEY76ZY0X74SN","A277V4SHQB8JRS","Submitted","Tue Apr 11 22:17:52 PDT 2023","Tue Apr 11 22:19:42 PDT 2023","Tue May 09 22:19:42 PDT 2023","","","","110","100% (1/1)","100% (1/1)","100% (1/1)","hit the hay","to go to sleep or head to bed.","I hit the hay early","2","make a mountain out of a molehill","magnifying the content","He is making a mountain out of a molehill by making the situation sound worse than it actually is","0","wouldn't be seen dead","to be too ashamed or embarrassed of something","She wouldn't be seen dead there","2","being bouncing off the walls","excited and full of nervous energy","He's been bouncing off the walls since he's been playing on a trampoline","1","at an arm's length","as far away from your body as possible","We kept her at an arm's length because we didn't want to get too close to her","0","2","0","2","2","2","108.341","{}"
"3ODOP6T3B701XK0BH1URR4Q4N8M244","3VU3J1KUFRFVJRVRP9M4MWPPXMFGTQ","Identify Usage of Idioms: Literal, Idiomatic, or Ambiguous?","Your task is to identify the usage of an idiom in a sentence. For each pair of idiom and sentence provided, you must select an option that best describes the meaning of the idiom within the context of the sentence. Expected time: 1 min.","text, idiom, english, classification, nlp","$0.30","Tue Apr 11 21:11:17 PDT 2023","1","BatchId:5053241;OriginalHitTemplateId:928390909;","3600","2419200","Tue May 02 21:11:17 PDT 2023","","","3EJPLAJKE2W8525VGY1L0XGFJ27Z60","A1P3Z24Y6GRNVA","Submitted","Tue Apr 11 21:12:01 PDT 2023","Tue Apr 11 21:43:11 PDT 2023","Tue May 09 21:43:11 PDT 2023","","","","1870","100% (1/1)","100% (1/1)","100% (1/1)","in a fog","in a great confusion","I'm in a fog","2","put damper on","to discourage someone from doing something that they want to","It put a damper on the fire when they put a lid over it","1","closed book","something that one knows or understands nothing about.","This is a closed book since they won't tell me why they're mad at me","0","big mouth","someone who talks too much","He's got a big mouth and it makes his face look funny","1","coin money","make a great deal of money easily or very quickly.","He was coining money by minting coins in his basement","1","2","1","0","1","1","58.75","{}"
"3S37Y8CWJNGN90YIVLJYFB6TRFH4WO","3VU3J1KUFRFVJRVRP9M4MWPPXMFGTQ","Identify Usage of Idioms: Literal, Idiomatic, or Ambiguous?","Your task is to identify the usage of an idiom in a sentence. For each pair of idiom and sentence provided, you must select an option that best describes the meaning of the idiom within the context of the sentence. Expected time: 1 min.","text, idiom, english, classification, nlp","$0.30","Tue Apr 11 21:11:17 PDT 2023","1","BatchId:5053241;OriginalHitTemplateId:928390909;","3600","2419200","Tue May 02 21:11:17 PDT 2023","","","3EFVCAY5LJP591JFRRVXWHOG60RJ8U","A277V4SHQB8JRS","Submitted","Tue Apr 11 22:32:56 PDT 2023","Tue Apr 11 22:35:30 PDT 2023","Tue May 09 22:35:30 PDT 2023","","","","154","100% (1/1)","100% (1/1)","100% (1/1)","keep your hair on","to request someone to stay calm and not get annoyed","Keep your hair on now, there's no need to get angry","0","wheels fall off","when a situation gets out of control and everything starts to go wrong","The wheels fell off the cart when it went over the bump","1","in the cahoots","to do something in hiding or secret because it is morally or socially not acceptable","They were in the cahoots in the back of the room","1","have a big mouth","one who gossips more or says things that are meant to be kept secret","I have a big mouth with a wide smile","1","toss-up","a situation where the result is unclear and can go either way","It's a toss-up if this coin lands on heads or tails","1","0","1","0","1","1","100.803","The expression is ""in cahoots"" not ""in the cahoots."""
"3V0TR1NRWPIQ2NVFUGN6XM92ZWEA4J","3VU3J1KUFRFVJRVRP9M4MWPPXMFGTQ","Identify Usage of Idioms: Literal, Idiomatic, or Ambiguous?","Your task is to identify the usage of an idiom in a sentence. For each pair of idiom and sentence provided, you must select an option that best describes the meaning of the idiom within the context of the sentence. Expected time: 1 min.","text, idiom, english, classification, nlp","$0.30","Tue Apr 11 21:11:17 PDT 2023","1","BatchId:5053241;OriginalHitTemplateId:928390909;","3600","2419200","Tue May 02 21:11:17 PDT 2023","","","3LOTDFNYANF0U0T164KIVZZAVZ6WFA","A1P3Z24Y6GRNVA","Submitted","Tue Apr 11 21:11:58 PDT 2023","Tue Apr 11 21:37:48 PDT 2023","Tue May 09 21:37:48 PDT 2023","","","","1550","100% (1/1)","100% (1/1)","100% (1/1)","long in the tooth","To get too old for something.","He is getting long in the tooth as he grows older","0","eat him alive","to criticize someone severely because you are angry with them","The audience ate him alive","2","hide light under a bushel","to show modesty towards something or someone","Don't hide your light under a bushel; we need it to see in the dark!","1","sweep under the rug","try to hide a problem or keep a problem secret instead of dealing with it","They swept it under the rug to clean up the mess","1","written all over face","when someone's feelings or thoughts are very clear","You had it written all over your face the moment you saw him; it's obvious you still have feelings for him","0","2","2","1","2","0","39.438","{}"
"3NSCTNUR3E38Y6ZF8L6G2EFGZS9A5O","3VU3J1KUFRFVJRVRP9M4MWPPXMFGTQ","Identify Usage of Idioms: Literal, Idiomatic, or Ambiguous?","Your task is to identify the usage of an idiom in a sentence. For each pair of idiom and sentence provided, you must select an option that best describes the meaning of the idiom within the context of the sentence. Expected time: 1 min.","text, idiom, english, classification, nlp","$0.30","Tue Apr 11 21:11:17 PDT 2023","1","BatchId:5053241;OriginalHitTemplateId:928390909;","3600","2419200","Tue May 02 21:11:17 PDT 2023","","","358UUM7WRFJI7BX9PRC0K8EC5XZR7R","APRZ7BR8C0ZMQ","Submitted","Wed Apr 12 02:38:37 PDT 2023","Wed Apr 12 02:39:26 PDT 2023","Wed May 10 02:39:26 PDT 2023","","","","49","100% (1/1)","100% (1/1)","100% (1/1)","make a mountain out of a molehill","magnifying the content","He is making a mountain out of a molehill","2","at daggers drawn","almost ready to fight","They were at daggers drawn, prepared to use their daggers if the fight got worse","1","carry on","to continue with something","I had to carry on when my best friend passed away","0","hit the bull's-eye","to be exactly right about something or achieve the best result possible","He hit the bull's-eye when he shot an arrow at the target","1","catch a cold","suffer a financial loss.","She caught a cold after going outside without a jacket","1","2","1","0","1","1","45.857","{}"
"3G57RS03IWLJT34BV6D1WWWIN4H259","3VU3J1KUFRFVJRVRP9M4MWPPXMFGTQ","Identify Usage of Idioms: Literal, Idiomatic, or Ambiguous?","Your task is to identify the usage of an idiom in a sentence. For each pair of idiom and sentence provided, you must select an option that best describes the meaning of the idiom within the context of the sentence. Expected time: 1 min.","text, idiom, english, classification, nlp","$0.30","Tue Apr 11 21:11:17 PDT 2023","1","BatchId:5053241;OriginalHitTemplateId:928390909;","3600","2419200","Tue May 02 21:11:17 PDT 2023","","","38BQUHLA9CGYV1CG15XL9V6XPZPMO3","A277V4SHQB8JRS","Submitted","Tue Apr 11 22:21:22 PDT 2023","Tue Apr 11 22:22:44 PDT 2023","Tue May 09 22:22:44 PDT 2023","","","","82","100% (1/1)","100% (1/1)","100% (1/1)","my hands are full","someone is too busy or has too much going on to be able to do or become involved with anything else","My hands are full of groceries, so I can't open the door","1","does exactly what it says on the tin","someone or something is exactly as they seem","The product does exactly what it says on the tin, fulfilling all your expectations","0","at bay","to keep something dangerous at a safe distance","She kept it at bay since she built a fence to keep it away her garden","1","on pins and needles","being anxious or nervous","I've been on pins and needles waiting to hear back from my job application","0","rain check","declining an offer that might be taken up later.","Let's take a rain check and head to the park on a better day","1","1","2","0","0","0","71.435","{}"
"35O6H0UNM7WJZZ2J2RJTVDIZPF3J5D","3VU3J1KUFRFVJRVRP9M4MWPPXMFGTQ","Identify Usage of Idioms: Literal, Idiomatic, or Ambiguous?","Your task is to identify the usage of an idiom in a sentence. For each pair of idiom and sentence provided, you must select an option that best describes the meaning of the idiom within the context of the sentence. Expected time: 1 min.","text, idiom, english, classification, nlp","$0.30","Tue Apr 11 21:11:17 PDT 2023","1","BatchId:5053241;OriginalHitTemplateId:928390909;","3600","2419200","Tue May 02 21:11:17 PDT 2023","","","32M8BPYGA92O755RS7MLCTQEH39GIN","A1P3Z24Y6GRNVA","Submitted","Tue Apr 11 21:13:07 PDT 2023","Tue Apr 11 21:32:25 PDT 2023","Tue May 09 21:32:25 PDT 2023","","","","1158","100% (1/1)","100% (1/1)","100% (1/1)","on board","be physically on a plane, ship, vehicle, train, or rocket","We're on board with the new plan","0","pain in the neck","Mathematics is generally a real pain in the neck for most of the school and college students.","This project has been a pain in the neck because I'm getting a sore neck from all the hard work","1","as far as","to the extent of something","We've gone as far as we can; we won't be able to go any farther without getting to the ocean","1","pour oil on troubled waters","try to calm, soothe or placate a problematic situation","We tried to pour oil on troubled waters to resolve the conflict between our nations","0","apple polisher","a flatterer; toady","He's an apple polisher who spends a significant amount of time attempt to make the apples look shiny and perfect","1","0","1","1","0","1","58.48","{}"
"3WYZV0QBGYTMJZOHK5P7P8Q6A94BXU","3VU3J1KUFRFVJRVRP9M4MWPPXMFGTQ","Identify Usage of Idioms: Literal, Idiomatic, or Ambiguous?","Your task is to identify the usage of an idiom in a sentence. For each pair of idiom and sentence provided, you must select an option that best describes the meaning of the idiom within the context of the sentence. Expected time: 1 min.","text, idiom, english, classification, nlp","$0.30","Tue Apr 11 21:11:17 PDT 2023","1","BatchId:5053241;OriginalHitTemplateId:928390909;","3600","2419200","Tue May 02 21:11:17 PDT 2023","","","3X0H8UUITH49Y5YNCOKH2YIPKP0WST","A1P3Z24Y6GRNVA","Submitted","Tue Apr 11 21:13:02 PDT 2023","Tue Apr 11 21:45:01 PDT 2023","Tue May 09 21:45:01 PDT 2023","","","","1919","100% (1/1)","100% (1/1)","100% (1/1)","on its knees","something that is in a very weak situation or on the verge of failure","The company is on its knees"" ","2","leave no stone unturned","do everything that is possible in order to achieve something","He left no stone unturned","2","axe to grind","have a private or selfish reason for doing something","He had an axe to grind to prove his point during the meeting","0","tide over","temporary help (often financial)","They rely on donations to tide over","2","no dice","not agree for something","It was no dice","2","0","2","0","0","2","56.012","{}"
"3EGKVCRQGB8BJ4ERP1B98MXFCFYBY0","3VU3J1KUFRFVJRVRP9M4MWPPXMFGTQ","Identify Usage of Idioms: Literal, Idiomatic, or Ambiguous?","Your task is to identify the usage of an idiom in a sentence. For each pair of idiom and sentence provided, you must select an option that best describes the meaning of the idiom within the context of the sentence. Expected time: 1 min.","text, idiom, english, classification, nlp","$0.30","Tue Apr 11 21:11:17 PDT 2023","1","BatchId:5053241;OriginalHitTemplateId:928390909;","3600","2419200","Tue May 02 21:11:17 PDT 2023","","","3NJM2BJS4CM37FCQ3GGMVZ6B5QHCPS","A277V4SHQB8JRS","Submitted","Tue Apr 11 22:22:47 PDT 2023","Tue Apr 11 22:29:04 PDT 2023","Tue May 09 22:29:04 PDT 2023","","","","377","100% (1/1)","100% (1/1)","100% (1/1)","on pins and needles","being anxious or nervous","I've been on pins and needles because I have been sitting cross-legged for too long","1","round the clock","continuously or interrupted","She works round the clock by sleeping for three hours and then getting up for work again","1","miles to go before I sleep","you have a lot to do before you can rest","I have miles to go before I sleep--I still have a long way to travel before I can rest","1","just deserts","get what one deserves","I got my just deserts when I ordered a dessert in the restaurant","1","back against the wall","to be in a tough situation with limited options","They had their back against the wall because there was nowhere else to sit","1","0","0","1","2","1","348.396","1. I marked the sentence with ""just deserts"" as ambiguous because the ""deserts"" in the idiom does not actually refer to ""desserts"" in any way, but since they are homophones the sentence when spoken aloud may make them seem as such, and thus make it ""literal.""2. The sentence with ""on pins and needles"" is technically idiomatic even though the idiom usage is wrong. Sitting that way for too long may cause you to feel a physical sensation like ""pins and needles,"" but that is still not literally on actual pins and needles."
"38O9DZ0A7H3FC74P0PN6O2AIJZS26P","3VU3J1KUFRFVJRVRP9M4MWPPXMFGTQ","Identify Usage of Idioms: Literal, Idiomatic, or Ambiguous?","Your task is to identify the usage of an idiom in a sentence. For each pair of idiom and sentence provided, you must select an option that best describes the meaning of the idiom within the context of the sentence. Expected time: 1 min.","text, idiom, english, classification, nlp","$0.30","Tue Apr 11 21:11:17 PDT 2023","1","BatchId:5053241;OriginalHitTemplateId:928390909;","3600","2419200","Tue May 02 21:11:17 PDT 2023","","","37UQDCYH6DBA0IEQYBHAL53FQ2LV7V","A1P3Z24Y6GRNVA","Submitted","Tue Apr 11 21:11:57 PDT 2023","Tue Apr 11 21:37:06 PDT 2023","Tue May 09 21:37:06 PDT 2023","","","","1509","100% (1/1)","100% (1/1)","100% (1/1)","over my dead body","in no way, under no circumstances","It will happen over my dead body","2","close call","a narrow escape from disaster","That was a close call","2","roll the dice","to gamble or take a chance on something or someone","He rolled the dice and took a risk to try a new business venture","0","on the same page","everyone in agreement","We were on the same page","2","hammer and tongs","to argue fiercely, with a lot of energy and noise","We worked on it hammer and tongs, applying hammering and tonging techniques","1","2","2","0","2","1","67.438","{}"
"3X7837UUBSEFI32X7ATYNJWZLAEJ6T","3VU3J1KUFRFVJRVRP9M4MWPPXMFGTQ","Identify Usage of Idioms: Literal, Idiomatic, or Ambiguous?","Your task is to identify the usage of an idiom in a sentence. For each pair of idiom and sentence provided, you must select an option that best describes the meaning of the idiom within the context of the sentence. Expected time: 1 min.","text, idiom, english, classification, nlp","$0.30","Tue Apr 11 21:11:17 PDT 2023","1","BatchId:5053241;OriginalHitTemplateId:928390909;","3600","2419200","Tue May 02 21:11:17 PDT 2023","","","3OLF68YTNPH3NNQY5ZOQDA2J3H9FAQ","A277V4SHQB8JRS","Submitted","Tue Apr 11 22:20:33 PDT 2023","Tue Apr 11 22:21:20 PDT 2023","Tue May 09 22:21:20 PDT 2023","","","","47","100% (1/1)","100% (1/1)","100% (1/1)","pass away","die","Grandfather passed away peacefully surrounded by his loved ones","0","just around the corner","somethig that is expected to happen very soon","My birthday is just around the corner, so I'm getting excited and planning a few surprises","0","bright spark","an intelligent and lively person (humorously)","He's a bright spark; understanding the most complicated concepts quickly","0","end of story","there is  nothing more to add to the matter under discussion","That's the end of the story; I've reached the last line","1","happy camper","to be content or satisfied with what is happening in your lifes and have no complaints","I'm a happy camper","2","0","0","0","1","2","45.227","{}"
"3YLPJ8OXYNT2Y0385QFKHUK00HN4XH","3VU3J1KUFRFVJRVRP9M4MWPPXMFGTQ","Identify Usage of Idioms: Literal, Idiomatic, or Ambiguous?","Your task is to identify the usage of an idiom in a sentence. For each pair of idiom and sentence provided, you must select an option that best describes the meaning of the idiom within the context of the sentence. Expected time: 1 min.","text, idiom, english, classification, nlp","$0.30","Tue Apr 11 21:11:17 PDT 2023","1","BatchId:5053241;OriginalHitTemplateId:928390909;","3600","2419200","Tue May 02 21:11:17 PDT 2023","","","3FE7TXL1LY3B99L36065JRNZYVS2Q2","A277V4SHQB8JRS","Submitted","Tue Apr 11 22:36:17 PDT 2023","Tue Apr 11 22:38:33 PDT 2023","Tue May 09 22:38:33 PDT 2023","","","","136","100% (1/1)","100% (1/1)","100% (1/1)","put the clock back","change to a lower level or earlier time.","I tried to put the clock back","2","in a pickle","to be in a difficult situation","I'm in a pickle","2","tall poppy","a privileged or distinguished person.","She's a tall poppy","2","speak of the devil","when someone comes in unexpectedly while being talked about","I was just speaking of the devil when he walked in the room","0","wrapped up in cotton wool","to be over-protected from dangers and risks","He was wrapped up in cotton wool because he was cold","1","2","2","2","2","1","133.938","{}"
"3G3AJKPCY08RY5TIAM1M08R92NH4YN","3VU3J1KUFRFVJRVRP9M4MWPPXMFGTQ","Identify Usage of Idioms: Literal, Idiomatic, or Ambiguous?","Your task is to identify the usage of an idiom in a sentence. For each pair of idiom and sentence provided, you must select an option that best describes the meaning of the idiom within the context of the sentence. Expected time: 1 min.","text, idiom, english, classification, nlp","$0.30","Tue Apr 11 21:11:17 PDT 2023","1","BatchId:5053241;OriginalHitTemplateId:928390909;","3600","2419200","Tue May 02 21:11:17 PDT 2023","","","3ZOTGHDK5YR1TWPLL2T7L453HN1SOD","A1P3Z24Y6GRNVA","Submitted","Tue Apr 11 21:13:00 PDT 2023","Tue Apr 11 21:49:04 PDT 2023","Tue May 09 21:49:04 PDT 2023","","","","2164","100% (1/1)","100% (1/1)","100% (1/1)","red carpet","to give people a special welcome to show that you think they are important","They rolled out the red carpet for him to walk on","1","bite off more than one can chew","to try to do something that is too difficult for you, or more than you can manage","He bit off more than he can chew","2","bent out of shape","to become angry.","He's bent out of shape because of the car accident","1","shot in the dark","an attempt to guess something when you have no information or knowledge about the subject and therefore cannot possibly know what the answer is","It was a shot in the dark when I said I think I know the answer","0","made it","used to indicated the completion of a task","She made it clear that she didn't want to go on the same venture again","0","2","2","0","2","1","78.677","{}"
"3W1K7D6QTQXBOUOWLNDSMT6HI92BZR","3VU3J1KUFRFVJRVRP9M4MWPPXMFGTQ","Identify Usage of Idioms: Literal, Idiomatic, or Ambiguous?","Your task is to identify the usage of an idiom in a sentence. For each pair of idiom and sentence provided, you must select an option that best describes the meaning of the idiom within the context of the sentence. Expected time: 1 min.","text, idiom, english, classification, nlp","$0.30","Tue Apr 11 21:11:17 PDT 2023","1","BatchId:5053241;OriginalHitTemplateId:928390909;","3600","2419200","Tue May 02 21:11:17 PDT 2023","","","31LM9EDVO18QC86JXTKGEEEBVUJNJD","A3PRQ2GSU42718","Submitted","Tue Apr 11 21:11:56 PDT 2023","Tue Apr 11 21:14:40 PDT 2023","Tue May 09 21:14:40 PDT 2023","","","","164","100% (1/1)","100% (1/1)","100% (1/1)","red zone","any geographical area that is thought to be dangerous or threatening, usually as a consequence of political or military activity.","We've entered the red zone, where people aren't allowed to pass without being completely checked","1","up a creek without a paddle","being in trouble.","I'm up a creek without a paddle","2","in the loop","to be aware of the information","He is in the loop of the company's decision-making process","0","halfway house","mid-point in recovery, treatment, or progress","She moved into the halfway house as she was passing through the city","1","a piece of cake","very easy task","It's a piece of cake","2","1","2","0","2","2","112.798","{}"
"344M16OZLXVFE8MXSQ4OSE5TBS7END","3VU3J1KUFRFVJRVRP9M4MWPPXMFGTQ","Identify Usage of Idioms: Literal, Idiomatic, or Ambiguous?","Your task is to identify the usage of an idiom in a sentence. For each pair of idiom and sentence provided, you must select an option that best describes the meaning of the idiom within the context of the sentence. Expected time: 1 min.","text, idiom, english, classification, nlp","$0.30","Tue Apr 11 21:11:17 PDT 2023","1","BatchId:5053241;OriginalHitTemplateId:928390909;","3600","2419200","Tue May 02 21:11:17 PDT 2023","","","34HJIJKLPLCDHVW7WDJ3ITJ5Z0VV4B","A2OVOVZBJYUO","Submitted","Tue Apr 11 21:11:46 PDT 2023","Tue Apr 11 21:23:13 PDT 2023","Tue May 09 21:23:13 PDT 2023","","","","687","100% (1/1)","100% (1/1)","100% (1/1)","scrape the bottom of the barrel","It is a phrase used to describe something you know is not in good condition, but you have to select it since you don't have an option of choosing the better one.","He had to scrape the bottom of the barrel to find a desperate solution to the problem","0","come out swinging","be confrontational","He came out swinging when he spoke up about unfair business practices","0","concern with","to be busy with something","He was concerned with the results of his hard work and dedication","0","come out swinging","be confrontational","He came out swinging","2","cutting edge","to be among the latest and the best (often used for technological advancements)","They are on the cutting edge of their knives as they sharpen them before going hunting","1","0","0","1","2","1","196.213","{}"
"3G9UA71JWAAYM3G2QKYQTXWVGLY7JG","3VU3J1KUFRFVJRVRP9M4MWPPXMFGTQ","Identify Usage of Idioms: Literal, Idiomatic, or Ambiguous?","Your task is to identify the usage of an idiom in a sentence. For each pair of idiom and sentence provided, you must select an option that best describes the meaning of the idiom within the context of the sentence. Expected time: 1 min.","text, idiom, english, classification, nlp","$0.30","Tue Apr 11 21:11:17 PDT 2023","1","BatchId:5053241;OriginalHitTemplateId:928390909;","3600","2419200","Tue May 02 21:11:17 PDT 2023","","","3W8CV64QJIF9W07Z8JYQK03CDEPH9W","APRZ7BR8C0ZMQ","Submitted","Wed Apr 12 02:37:50 PDT 2023","Wed Apr 12 02:38:37 PDT 2023","Wed May 10 02:38:37 PDT 2023","","","","47","100% (1/1)","100% (1/1)","100% (1/1)","sink or swim","having to do something alone, and their success or failure depends entirely on their own efforts","He's in a sink or swim situation, where he will either be incredibly successful or completely fail","0","whole nine yards","everything, all of something","He went the whole nine yards preparing for his presentation","0","fall at first hurdle","to fail to overcome the first difficulty encountered","He fell at the first hurdle when he tripped and stumbled during the race","1","snow under","to bury or cover something or somebody in the snow (Literal meaning)","She was snowed under with all the snowfall last night","1","wooden spoon","the person who finishes last in a race or competition receives an imaginary prize","She was given the wooden spoon to use for cooking","1","0","0","1","1","1","45.18","{}"
"31ANT7FQONIN8T7TERG8J02KCNZH56","3VU3J1KUFRFVJRVRP9M4MWPPXMFGTQ","Identify Usage of Idioms: Literal, Idiomatic, or Ambiguous?","Your task is to identify the usage of an idiom in a sentence. For each pair of idiom and sentence provided, you must select an option that best describes the meaning of the idiom within the context of the sentence. Expected time: 1 min.","text, idiom, english, classification, nlp","$0.30","Tue Apr 11 21:11:17 PDT 2023","1","BatchId:5053241;OriginalHitTemplateId:928390909;","3600","2419200","Tue May 02 21:11:17 PDT 2023","","","31UV0MXWN6SQR8G7BB3U8WZPRUUI56","A1P3Z24Y6GRNVA","Submitted","Tue Apr 11 21:12:00 PDT 2023","Tue Apr 11 21:38:33 PDT 2023","Tue May 09 21:38:33 PDT 2023","","","","1593","100% (1/1)","100% (1/1)","100% (1/1)","skating on thin ice","to do something considered quite dangerous or risky","He's skating on thin ice","2","roots run deep","similar in meaning to ""deep-rooted.""","Their roots run deep into the ground which gives their plants access to nutrients","1","up a blind alley","to be doing something that will definitely have a negative outcome","We went up a blind alley because the street had no exit","1","take the biscuit","be the most remarkable or foolish of its kind","That took the biscuit as he picked it up from the table","1","taking your medicine","to accept the consequences of something you have done wrong","He's taking his medicine by enduring the consequences of his mistakes","0","2","1","1","1","2","43.328","{}"
"3TTPFEFXD80JRX77JAQDB6GK8IAH6M","3VU3J1KUFRFVJRVRP9M4MWPPXMFGTQ","Identify Usage of Idioms: Literal, Idiomatic, or Ambiguous?","Your task is to identify the usage of an idiom in a sentence. For each pair of idiom and sentence provided, you must select an option that best describes the meaning of the idiom within the context of the sentence. Expected time: 1 min.","text, idiom, english, classification, nlp","$0.30","Tue Apr 11 21:11:18 PDT 2023","1","BatchId:5053241;OriginalHitTemplateId:928390909;","3600","2419200","Tue May 02 21:11:18 PDT 2023","","","3G2UL9A02TUPLSZPX3929DNG9AL769","APRZ7BR8C0ZMQ","Submitted","Wed Apr 12 02:35:55 PDT 2023","Wed Apr 12 02:36:52 PDT 2023","Wed May 10 02:36:52 PDT 2023","","","","57","100% (1/1)","100% (1/1)","100% (1/1)","spanner in the works","a roadblock that prevents an activity from succeeding","There's been a spanner in the works and it's caused our machine to malfunction","1","pie in the sky","used to portray or refer to something that is lovely to consider however is probably not going to happen","It's a pie in the sky because that goal is impossible to reach","0","at the drop of a dime","something that can happen very fast without hesitation","She can do it at the drop of a dime if given the right motivation","0","in the blink of an eye","in an instant","It was gone in the blink of an eye, leaving me in shock at how quickly the moment passed by","0","look before you leap","to make sure that everything is alright before doing something important which you cannot revert","He looked before he leapt and decided to wait before taking a risky decision","0","0","0","0","0","0","54.542","{}"
"389A2A3053YXWEACVTWVRE9DINJC07","3VU3J1KUFRFVJRVRP9M4MWPPXMFGTQ","Identify Usage of Idioms: Literal, Idiomatic, or Ambiguous?","Your task is to identify the usage of an idiom in a sentence. For each pair of idiom and sentence provided, you must select an option that best describes the meaning of the idiom within the context of the sentence. Expected time: 1 min.","text, idiom, english, classification, nlp","$0.30","Tue Apr 11 21:11:18 PDT 2023","1","BatchId:5053241;OriginalHitTemplateId:928390909;","3600","2419200","Tue May 02 21:11:18 PDT 2023","","","39GXDJN2O9UE0WJ98G9GZ5ZA1MRV8I","A1P3Z24Y6GRNVA","Submitted","Tue Apr 11 21:11:59 PDT 2023","Tue Apr 11 21:26:13 PDT 2023","Tue May 09 21:26:13 PDT 2023","","","","854","100% (1/1)","100% (1/1)","100% (1/1)","straight shooter","someone who speaks the truth","He's a straight shooter when it comes to shooting hoops","1","head and shoulders above","significantly better than everybody else in the field","She's head and shoulders above the rest in terms of her physical height","1","ray of sunshine","someone or something that brings hope into the lives of others","She was a ray of sunshine","2","out of the frying pan into the fire","to go from a bad to worse situation","He went from the frying pan into the fire after changing jobs","0","cry over spilt milk","to be upset about things that have already been done","Don't cry over spilt milk; it's not worth wallowing in regret","0","1","1","0","0","0","45.641","{}"
"3G9UA71JWAAYM3G2QKYQTXWVGLYJ7S","3VU3J1KUFRFVJRVRP9M4MWPPXMFGTQ","Identify Usage of Idioms: Literal, Idiomatic, or Ambiguous?","Your task is to identify the usage of an idiom in a sentence. For each pair of idiom and sentence provided, you must select an option that best describes the meaning of the idiom within the context of the sentence. Expected time: 1 min.","text, idiom, english, classification, nlp","$0.30","Tue Apr 11 21:11:18 PDT 2023","1","BatchId:5053241;OriginalHitTemplateId:928390909;","3600","2419200","Tue May 02 21:11:18 PDT 2023","","","3EFVCAY5LJP591JFRRVXWHOG60BJ8E","APRZ7BR8C0ZMQ","Submitted","Wed Apr 12 02:36:53 PDT 2023","Wed Apr 12 02:37:49 PDT 2023","Wed May 10 02:37:49 PDT 2023","","","","56","100% (1/1)","100% (1/1)","100% (1/1)","take the edge off","blunt the effect of","I need to take the edge off","2","have a ball","to have a great time","They had a ball last night when they played rounders","1","cry wolf","to keep asking for help, even when you don't need it. When you really need help, no one believes you.","Don't cry wolf when there isn't an emergency","0","high roller","a wealthy person or company who spends their money in a risky way, often by making risky investments that can offer large rewards","She's a high roller since she always plays high stakes games at the casino","1","hit the road","depart","Let's hit the road so we can get to our destination","1","2","1","0","0","0","54.536","I'm not certain what rounders is, but I think it might be a sort of game, involving a ball?"
"3CVBMEMMYQW2VXLC2KV5HKGG3TUH7L","3VU3J1KUFRFVJRVRP9M4MWPPXMFGTQ","Identify Usage of Idioms: Literal, Idiomatic, or Ambiguous?","Your task is to identify the usage of an idiom in a sentence. For each pair of idiom and sentence provided, you must select an option that best describes the meaning of the idiom within the context of the sentence. Expected time: 1 min.","text, idiom, english, classification, nlp","$0.30","Tue Apr 11 21:11:18 PDT 2023","1","BatchId:5053241;OriginalHitTemplateId:928390909;","3600","2419200","Tue May 02 21:11:18 PDT 2023","","","3IKZ72A5BKWA76KNE3TVZGMJ2N2NFA","A1P3Z24Y6GRNVA","Submitted","Tue Apr 11 21:11:45 PDT 2023","Tue Apr 11 21:27:43 PDT 2023","Tue May 09 21:27:43 PDT 2023","","","","958","100% (1/1)","100% (1/1)","100% (1/1)","throw in the towel","to quit","He threw in the towel because he was sweating too much","1","short fuse","to get angry quickly.","He has a short fuse, resulting in outbursts of anger when something doesn't go his way","0","the bottom line","in the final analysis, the most important fact in a situation.","It was the bottom line in the negotiation, so we had to accept the offer","0","face the music","receive punishment","He had to face the music when the painful truth was revealed","0","know which side one's bread is buttered","to be cognizant of where one's interests lie in a given situation.","He knows which side his bread is buttered","2","1","0","2","0","2","42.873","{}"
"3IV1AEQ4E6T2MHLL0PQW7XSQR54J8F","3VU3J1KUFRFVJRVRP9M4MWPPXMFGTQ","Identify Usage of Idioms: Literal, Idiomatic, or Ambiguous?","Your task is to identify the usage of an idiom in a sentence. For each pair of idiom and sentence provided, you must select an option that best describes the meaning of the idiom within the context of the sentence. Expected time: 1 min.","text, idiom, english, classification, nlp","$0.30","Tue Apr 11 21:11:18 PDT 2023","1","BatchId:5053241;OriginalHitTemplateId:928390909;","3600","2419200","Tue May 02 21:11:18 PDT 2023","","","3KYQYYSHYBNVR763OCYIQ5J3GKSDO5","A1P3Z24Y6GRNVA","Submitted","Tue Apr 11 21:13:04 PDT 2023","Tue Apr 11 21:42:10 PDT 2023","Tue May 09 21:42:10 PDT 2023","","","","1746","100% (1/1)","100% (1/1)","100% (1/1)","toss-up","a situation where the result is unclear and can go either way","It's a toss-up whether I should accept this job or not","0","break one's back","get through the hardest part of something.","I broke my back when I fell from the staircase","1","leaps and bounds","progress very quickly","Their progress has grown by leaps and bounds","2","dark horse","a little known, unexpectedly successful entrant","He's a dark horse since he has black patches on his coat""","1","bite the hand that feed","to turn against someone who has been a benefactor in the past","He bit the hand that feed him by insulting his boss and not showing respect","0","0","1","2","2","0","30.535","{}"
"3YOAVL4CBFXR3V3N6835EF0B8HL4ZE","3VU3J1KUFRFVJRVRP9M4MWPPXMFGTQ","Identify Usage of Idioms: Literal, Idiomatic, or Ambiguous?","Your task is to identify the usage of an idiom in a sentence. For each pair of idiom and sentence provided, you must select an option that best describes the meaning of the idiom within the context of the sentence. Expected time: 1 min.","text, idiom, english, classification, nlp","$0.30","Tue Apr 11 21:11:18 PDT 2023","1","BatchId:5053241;OriginalHitTemplateId:928390909;","3600","2419200","Tue May 02 21:11:18 PDT 2023","","","3R3YRB5GRVJS65NO0OJPZA3MD4PAUL","A277V4SHQB8JRS","Submitted","Tue Apr 11 22:29:09 PDT 2023","Tue Apr 11 22:31:28 PDT 2023","Tue May 09 22:31:28 PDT 2023","","","","139","100% (1/1)","100% (1/1)","100% (1/1)","walking on broken glass","when a person is punished for something","They're walking on broken glass as they work through each problem step by step","0","knock on wood","tap knuckle on wood in order to avoid bad luck","We knocked on wood","2","eat crow","being proven wrong after taking a strong stand","She had to eat crow and admit she was wrong about her prediction","0","music to ears","something that is soothing to your ears","The news was music to ears when they told me I got the job","0","put a sock in it","to ask someone to stop talking","He put a sock in it","2","0","2","0","0","2","137.864","One item has ""music to ears,"" but the correct idiom is ""music to my/your/his/her/their (etc.) ears."" Leaving out the possessive pronoun makes it unnatural, impersonal, and weird."
"3FBEFUUYSZL4HAZTD4GLUKTGVNKA64","3VU3J1KUFRFVJRVRP9M4MWPPXMFGTQ","Identify Usage of Idioms: Literal, Idiomatic, or Ambiguous?","Your task is to identify the usage of an idiom in a sentence. For each pair of idiom and sentence provided, you must select an option that best describes the meaning of the idiom within the context of the sentence. Expected time: 1 min.","text, idiom, english, classification, nlp","$0.30","Tue Apr 11 21:11:18 PDT 2023","1","BatchId:5053241;OriginalHitTemplateId:928390909;","3600","2419200","Tue May 02 21:11:18 PDT 2023","","","3FPRZHYEPENSZZD3WZEK8ORZL14V3X","A277V4SHQB8JRS","Submitted","Tue Apr 11 22:12:31 PDT 2023","Tue Apr 11 22:14:06 PDT 2023","Tue May 09 22:14:06 PDT 2023","","","","95","100% (1/1)","100% (1/1)","100% (1/1)","went through the mill","you experience a very difficult period, or are exposed to rough treatment","He went through the mill"" ","2","blue-collar","of or relating to industrial work, especially the semiskilled and unskilled","He is a blue-collar worker","2","at sea","It means to be confused or not understand something at all.","They were at sea scouting for possible sites to build a harbor","1","break the mould","to do something different from what is expected","She's breaking the mould and carving a path for herself in the industry","0","drive a wedge between","to damage the good relationship that two people or groups of people have","They drove a wedge between us when they started spreading false rumors","0","2","0","1","0","0","83.384","{}"
"3VZYA8PIU3ECXT1XGJ9ND833Q6X50S","3VU3J1KUFRFVJRVRP9M4MWPPXMFGTQ","Identify Usage of Idioms: Literal, Idiomatic, or Ambiguous?","Your task is to identify the usage of an idiom in a sentence. For each pair of idiom and sentence provided, you must select an option that best describes the meaning of the idiom within the context of the sentence. Expected time: 1 min.","text, idiom, english, classification, nlp","$0.30","Tue Apr 11 21:11:18 PDT 2023","1","BatchId:5053241;OriginalHitTemplateId:928390909;","3600","2419200","Tue May 02 21:11:18 PDT 2023","","","3XLBSAQ9ZKSR92J0Z86D6BGBEDRZ7Z","A1I7H6RDJS4EKN","Submitted","Tue Apr 11 21:12:03 PDT 2023","Tue Apr 11 21:19:08 PDT 2023","Tue May 09 21:19:08 PDT 2023","","","","425","100% (1/1)","100% (1/1)","100% (1/1)","when hell freezes over","impolite way of saying ""it will never happen""","I will do it when hell freezes over","2","big brother","A large organization or government agency that tries to control all aspects of human life and society.","The big brother was watching","2","from A to Z","comprehensive","He knows it from A to Z; he is an expert","0","dead and buried","no longer in use.","It's dead and buried","2","down to earth","decent, simple, realistic","He is down to earth because he jumped off the top of the building","1","0","2","0","2","1","187.356","{}"
"3EHIMLB7GMF6VBQVCPNBVKCBED0H88","3VU3J1KUFRFVJRVRP9M4MWPPXMFGTQ","Identify Usage of Idioms: Literal, Idiomatic, or Ambiguous?","Your task is to identify the usage of an idiom in a sentence. For each pair of idiom and sentence provided, you must select an option that best describes the meaning of the idiom within the context of the sentence. Expected time: 1 min.","text, idiom, english, classification, nlp","$0.30","Tue Apr 11 21:11:18 PDT 2023","1","BatchId:5053241;OriginalHitTemplateId:928390909;","3600","2419200","Tue May 02 21:11:18 PDT 2023","","","32XVDSJFPFDKOUNBE7ZO2I3UOUTM2X","A277V4SHQB8JRS","Submitted","Tue Apr 11 22:19:44 PDT 2023","Tue Apr 11 22:20:30 PDT 2023","Tue May 09 22:20:30 PDT 2023","","","","46","100% (1/1)","100% (1/1)","100% (1/1)","wipe the slate clean","to make a fresh start and forget all past offences, disagreements or mistakes","We are wiping the slate clean","2","blowing smoke","to intentionally misinform or deceive","He was blowing smoke","2","high roller","a wealthy person or company who spends their money in a risky way, often by making risky investments that can offer large rewards","She's a high roller because she likes to take big risks and make bold moves","0","alive and kicking","lively and active","The event is alive and kicking","2","crowning glory","The greatest or most beautiful thing","Her crowning glory shone brightly","2","2","2","0","0","2","44.066","{}"
"39WSF6KUWH1XWTM9T541735Y12CEOS","3VU3J1KUFRFVJRVRP9M4MWPPXMFGTQ","Identify Usage of Idioms: Literal, Idiomatic, or Ambiguous?","Your task is to identify the usage of an idiom in a sentence. For each pair of idiom and sentence provided, you must select an option that best describes the meaning of the idiom within the context of the sentence. Expected time: 1 min.","text, idiom, english, classification, nlp","$0.30","Tue Apr 11 21:11:18 PDT 2023","1","BatchId:5053241;OriginalHitTemplateId:928390909;","3600","2419200","Tue May 02 21:11:18 PDT 2023","","","3NJM2BJS4CM37FCQ3GGMVZ6B5PBCPK","A1I7H6RDJS4EKN","Submitted","Tue Apr 11 21:11:54 PDT 2023","Tue Apr 11 21:16:38 PDT 2023","Tue May 09 21:16:38 PDT 2023","","","","284","100% (1/1)","100% (1/1)","100% (1/1)","you reap what you sow","if you do bad things to people, bad things will happen to you, or good things if you do good things","You reap what you sow, so you'll need to get out there and start planting the seed","1","in the dark","uninformed, a state of ignorance.","They were in the dark","2","cool your jets","to calm down and stop being so anxious or elated.","I told him to cool his jets when he became angry and started shouting","0","takes two to tango","certain actions or activities cannot be performed alone - they  need two people to participate","It takes two to tango","2","a damp squib","an event which people think will be exciting but which is disappointing when it happens.","The event was a damp squib","2","1","2","0","0","0","138.161","{}"